R_mean,G_mean,B_mean,R_std,G_std,B_std,R_over_G,R_over_B,G_over_B,R_minus_G,R_minus_B,RGB_max_minus_min,pixel_R_over_G_mean,pixel_R_over_B_mean,pixel_G_over_B_mean,pixel_RG_normalized_diff_mean,pixel_RB_normalized_diff_mean,H_mean,S_mean,V_mean,S_std,V_std,gray_mean,gray_std,gray_max,gray_p95,gray_p99,bright_pixel_ratio,LBP_hist_00,LBP_hist_01,LBP_hist_02,LBP_hist_03,LBP_hist_04,LBP_hist_05,LBP_hist_06,LBP_hist_07,LBP_hist_08,LBP_hist_09,LBP_hist_10,LBP_hist_11,LBP_hist_12,LBP_hist_13,LBP_hist_14,LBP_hist_15,GLCM_contrast,GLCM_homogeneity,GLCM_energy,GLCM_correlation,entropy,Sobel_mean,Sobel_std,Laplacian_variance,Canny_edge_ratio,highlight_pixel_ratio,highlight_R_mean,highlight_G_mean,highlight_B_mean,highlight_R_std,highlight_G_std,highlight_B_std,highlight_H_mean,highlight_S_mean,highlight_V_mean,highlight_H_std,highlight_S_std,highlight_V_std,highlight_LBP_hist_00,highlight_LBP_hist_01,highlight_LBP_hist_02,highlight_LBP_hist_03,highlight_LBP_hist_04,highlight_LBP_hist_05,highlight_LBP_hist_06,highlight_LBP_hist_07,highlight_GLCM_contrast,highlight_GLCM_homogeneity,highlight_GLCM_energy,highlight_GLCM_correlation,highlight_entropy,highlight_Sobel_mean,highlight_Sobel_std,highlight_Laplacian_variance,highlight_Canny_edge_ratio,highlight_gray_over_global_gray,highlight_saturation_over_global_saturation,highlight_entropy_minus_global_entropy,block_nonempty_ratio,block_coverage_std,block_gray_var,block_gray_range,block_rg_ratio_var,block_rg_ratio_range,block_value_var,block_value_range,HOG_hist_00,HOG_hist_01,HOG_hist_02,HOG_hist_03,HOG_hist_04,HOG_hist_05,HOG_hist_06,HOG_hist_07,HOG_hist_08,Sobel_x_over_y,dominant_direction_ratio,gradient_direction_entropy,highlight_component_count,highlight_total_area_ratio,highlight_largest_area_ratio,highlight_bbox_aspect_ratio,highlight_circularity,highlight_boundary_complexity,clahe_LBP_hist_00,clahe_LBP_hist_01,clahe_LBP_hist_02,clahe_LBP_hist_03,clahe_LBP_hist_04,clahe_LBP_hist_05,clahe_LBP_hist_06,clahe_LBP_hist_07,clahe_GLCM_contrast,clahe_GLCM_homogeneity,clahe_GLCM_energy,clahe_GLCM_correlation,clahe_Sobel_mean,clahe_Sobel_std,clahe_Laplacian_variance,clahe_Canny_edge_ratio,ms256_gray_mean,ms256_gray_std,ms256_gray_max,ms256_gray_p95,ms256_gray_p99,ms256_bright_pixel_ratio,ms256_LBP_hist_00,ms256_LBP_hist_01,ms256_LBP_hist_02,ms256_LBP_hist_03,ms256_LBP_hist_04,ms256_LBP_hist_05,ms256_LBP_hist_06,ms256_LBP_hist_07,ms256_GLCM_contrast,ms256_GLCM_homogeneity,ms256_GLCM_energy,ms256_GLCM_correlation,center_gray_mean,center_gray_std,center_gray_max,center_gray_p95,center_gray_p99,center_bright_pixel_ratio,center_LBP_hist_00,center_LBP_hist_01,center_LBP_hist_02,center_LBP_hist_03,center_LBP_hist_04,center_LBP_hist_05,center_LBP_hist_06,center_LBP_hist_07,center_GLCM_contrast,center_GLCM_homogeneity,center_GLCM_energy,center_GLCM_correlation,label
91.337395,77.243866,88.36904,65.00688,44.728523,43.361996,1.182455,1.0335904,0.8741055,14.093529,2.9683533,14.093529,75016.13,314869.25,60910.633,0.04487599,-0.03035965,99.10201,87.669914,108.64431,52.568653,63.251423,82.71671,48.566395,245.0,170.0,211.0,0.0063979775,0.07108156,0.08093013,0.002115129,0.029585369,0.017952159,0.0062792897,0.003397426,0.098161824,0.019591384,0.008546444,0.0010245157,0.0061867526,0.09697867,0.02150161,0.035904318,0.5007634,0.5074009,0.9450064,0.3885314,0.9707948,6.7004666,21.49826,61.76686,4532.608,0.024416521,0.10001999,229.32268,156.36092,99.2943,24.893797,33.69101,13.98223,12.671138,143.71382,229.32384,5.356981,16.804905,24.894941,0.15948308,0.053353548,0.01848242,0.1399177,0.05046567,0.00498159,0.14157823,0.43173778,0.26471472,0.907925,0.33944446,0.9560269,6.577455,26.489758,23.33648,544.9336,0.004043029,2.0755227,1.6392604,-0.12301166,0.93749994,0.3584427,1498.1918,127.82386,0.036382895,0.673943,2591.0786,171.53549,0.17401312,0.094516724,0.09691314,0.09604433,0.19349818,0.087964416,0.07954574,0.07146866,0.10603569,0.9825848,0.19349818,3.0844567,8.0,0.10001999,0.04708189,1.1944444,0.35933498,34.971188,0.21614636,0.045739666,0.034846753,0.11432934,0.04482091,0.011600161,0.11286858,0.41964823,0.68017507,0.90058094,0.37368044,0.96388686,31.829002,66.19221,5409.7397,0.032374695,82.93253,47.975967,245.0,170.0,211.0,0.0061216583,0.1711608,0.04187977,0.030338733,0.09597001,0.034034006,0.0055429107,0.12606774,0.49500602,0.5202915,0.9174734,0.37391955,0.9693374,90.5145,48.559208,245.0,181.0,217.0,0.008842518,0.16535982,0.028559474,0.024499472,0.0723517,0.035067875,0.010227484,0.13745119,0.526483,0.6875289,0.9262652,0.40963736,0.9612686,1
110.75376,132.8649,137.5242,52.732746,52.003532,52.445946,0.8335818,0.8053402,0.9661201,-22.111137,-26.77044,26.77044,21942.926,16465.383,21065.805,-0.066180214,-0.08917326,94.273994,69.5397,137.6535,57.64212,52.420868,126.78037,51.956547,255.0,234.0,254.0,0.061836038,0.22423275,0.078923985,0.01685766,0.04915599,0.036504313,0.012359285,0.02023144,0.049459632,0.04254338,0.020838723,0.009266652,0.033119287,0.051540133,0.018814454,0.07377335,0.26237896,3.0269675,0.64149463,0.2531264,0.83270216,6.661727,97.37005,109.7985,29864.068,0.1514153,0.057192985,228.27553,229.71231,231.8021,27.829908,27.384752,26.807892,98.21175,4.717733,232.00113,41.339466,3.8730571,26.807953,0.3920805,0.031807855,0.095098995,0.06945797,0.035702694,0.032781564,0.081142485,0.26192793,4.051011,0.5469413,0.36215866,0.22604343,5.8607764,128.00679,82.025764,41791.957,0.25900683,1.8103071,0.06784229,-0.8009503,0.49999997,0.011458017,526.9042,63.15226,0.0047475407,0.18909502,428.1024,57.598053,0.15167734,0.095603965,0.10091703,0.114062816,0.114233434,0.109383345,0.09505579,0.082989186,0.13607708,1.0835053,0.15167734,3.146706,45.0,0.057192985,0.03670579,2.6037736,0.06692888,187.75708,0.30877972,0.06513647,0.04905478,0.07036583,0.061740197,0.043476794,0.06983727,0.33160895,7.328495,0.4414365,0.13585055,0.6646323,171.98927,130.18016,71924.24,0.3412917,127.36084,48.705788,255.0,216.0,248.0,0.04539988,0.29713604,0.07334313,0.0447494,0.076693594,0.06994676,0.03859923,0.07958509,0.31994677,2.5362735,0.6687052,0.28115726,0.832294,145.61096,56.999226,255.0,251.0,254.0,0.12015638,0.29566714,0.07252384,0.04754139,0.0670653,0.06828837,0.045412336,0.07383751,0.3296641,4.4608417,0.57841843,0.21261416,0.7934672,0
128.9388,78.25013,39.421757,109.034,79.269844,53.360153,1.6477774,3.2707522,1.9849478,50.688667,89.517044,89.517044,622653.7,3.05801e+06,824832.25,0.39464313,0.54229426,16.597275,206.62842,128.96611,57.209263,109.03997,88.94669,83.0896,255.0,234.0,254.0,0.06538791,0.0802346,0.13506556,0.0014662506,0.056621145,0.014219222,0.006870919,0.005285322,0.102023765,0.029631903,0.009922766,0.0005285322,0.0053705694,0.08809438,0.013179206,0.06304878,0.3884371,0.69699967,0.92339444,0.38421622,0.98645574,6.827657,30.070675,71.849304,4265.9907,0.020732103,0.100092284,253.95934,234.20316,161.54692,3.6377575,20.507399,62.843807,31.482054,93.14686,254.1136,27.218142,62.504745,3.61694,0.14666411,0.03144172,0.033550613,0.10659509,0.04083589,0.007285276,0.18673313,0.44689417,0.2948945,0.9090073,0.5051527,0.8745847,5.512935,27.474346,31.57719,1013.26984,0.018021472,2.6065454,0.45079404,-1.3147218,0.43749997,0.14803344,3891.6702,157.5027,2.6055515,4.9215107,8155.6597,229.9776,0.0694805,0.07921596,0.1111192,0.19640616,0.2506507,0.10090327,0.07705332,0.05880501,0.056365855,0.6204901,0.2506507,2.9639354,4.0,0.100092284,0.0926933,2.6216216,0.23301362,53.92977,0.2420507,0.06282713,0.023800999,0.09779551,0.058121495,0.009274888,0.09822174,0.40790752,0.7639042,0.87434214,0.3121096,0.98392457,42.96936,70.36099,4274.508,0.040543534,89.4065,82.892365,255.0,232.0,254.0,0.06394387,0.25414094,0.06506176,0.01698484,0.107313305,0.04126895,0.0051937113,0.10626053,0.40377596,0.7823619,0.88376766,0.3722606,0.9847803,72.12884,79.213394,255.0,217.0,254.0,0.04505544,0.21961434,0.07570602,0.021464096,0.13527034,0.027077334,0.0061367536,0.061716545,0.45301458,0.72556436,0.92633533,0.4301019,0.9845855,1
75.65474,46.302597,45.581837,42.37659,21.493048,26.189075,1.63392,1.6597562,1.0158124,29.352142,30.072903,30.072903,36510.402,130573.01,37384.027,0.19091704,0.22008549,102.26978,118.55057,75.66141,57.94884,42.365177,55.003864,26.216682,226.0,90.0,129.0,2.2411727e-05,0.20204535,0.08328004,0.01031733,0.052277114,0.052961916,0.015988182,0.020527128,0.06255483,0.03482877,0.021432655,0.0057331077,0.035406042,0.052509155,0.021704312,0.06155309,0.266881,0.32479894,0.8715149,0.34770808,0.93983907,6.574214,25.250069,33.867172,1764.7122,0.015841035,0.076653704,175.56326,72.655655,66.78349,54.72374,20.901428,13.382518,88.88992,147.87502,175.56326,87.22193,48.76073,54.72374,0.22821805,0.05570316,0.06495648,0.08639487,0.049931288,0.03930371,0.08364636,0.3918461,0.52715534,0.8643402,0.5059001,0.8727182,5.8868403,35.310524,46.847496,3044.2744,0.039670177,1.8679976,1.2473581,-0.6873736,0.99999994,0.36787128,429.3654,65.68327,0.14163904,1.1806546,644.7313,85.811935,0.13497685,0.10225478,0.1012058,0.109852076,0.11841589,0.10461128,0.0972073,0.10259321,0.12888284,1.0550004,0.13497685,3.160914,19.0,0.076653704,0.023633165,1.0888889,0.17497353,71.818695,0.28861925,0.06214168,0.06832755,0.079923935,0.057947967,0.042672884,0.07454172,0.325825,0.972138,0.7168976,0.24532682,0.8761481,56.4722,55.447487,7905.99,0.08664746,55.071716,25.906046,214.0,89.0,127.0,0.0,0.27500737,0.06807719,0.06610427,0.10279611,0.049731273,0.029162982,0.07132004,0.33780077,0.32617506,0.8889378,0.36745852,0.9380676,57.96724,28.471195,226.0,109.0,146.0,6.1035156e-05,0.2916565,0.06387329,0.06480408,0.08213806,0.055358887,0.038772583,0.072769165,0.33062744,0.420099,0.842472,0.3165521,0.93562347,1
111.42576,136.95381,141.50316,44.617455,41.311882,41.42961,0.813601,0.7874436,0.96784985,-25.528053,-30.0774,30.0774,8035.911,8695.943,10500.301,-0.07437986,-0.09131703,94.62897,65.03393,141.60005,41.835503,41.43494,129.8374,41.993702,255.0,221.0,253.0,0.05098305,0.22801174,0.079031706,0.01740156,0.05010713,0.036630597,0.012558291,0.02091248,0.048225634,0.042545147,0.021713689,0.009308439,0.033803858,0.052942872,0.02053438,0.07476459,0.2515079,2.558457,0.6625474,0.2959245,0.79414696,6.532793,85.67673,98.8627,24176.994,0.12323329,0.06310175,220.25021,222.56137,224.98926,32.657078,31.703035,30.948145,99.87908,6.308368,225.16122,36.661076,5.1931343,30.98138,0.38053867,0.042137273,0.07971329,0.07254561,0.037141617,0.038010426,0.07319722,0.2767159,5.1440325,0.49833426,0.3017975,0.2841298,6.184168,148.29,88.65101,51445.434,0.3038662,1.7109287,0.09700119,-0.3486255,0.49999997,0.0016413663,398.48907,55.64216,0.0049398597,0.19277853,314.19592,50.216553,0.1429881,0.09875211,0.103010155,0.11302847,0.117583975,0.11074061,0.09765298,0.08487853,0.13136505,1.0577458,0.1429881,3.153514,50.0,0.06310175,0.046239417,2.1866667,0.0872631,144.00554,0.31193173,0.06690553,0.04943195,0.07003835,0.062773444,0.043976523,0.07246899,0.3224735,6.354487,0.45519802,0.14355804,0.60518694,155.59598,120.754425,60612.65,0.32800093,129.90309,39.450607,255.0,209.0,245.0,0.038530562,0.295644,0.06845691,0.04464739,0.07584982,0.07338552,0.038414147,0.08306154,0.3205407,2.2471714,0.6958829,0.33182862,0.791984,144.99803,47.75204,255.0,249.0,254.0,0.09800056,0.29813161,0.07378141,0.04624163,0.067643456,0.067841455,0.04642163,0.07626539,0.3236734,3.6910896,0.60988116,0.24786717,0.7696823,0
134.69159,58.805836,24.144295,56.915035,23.330057,8.782619,2.290446,5.578609,2.4355996,75.88576,110.547295,110.547295,146427.27,142374.98,17744.55,0.33390474,0.4774257,12.683215,210.42651,134.75067,18.935877,56.776012,77.546776,31.338774,173.0,131.0,150.0,0.0,0.21695273,0.07975273,0.011861818,0.038727272,0.059716363,0.019141817,0.020283636,0.05037091,0.027061818,0.022145454,0.0067054546,0.039272726,0.045229092,0.02496,0.05101091,0.28680727,0.26161104,0.9045685,0.39014223,0.9598952,6.3598733,16.329302,28.940542,1445.4689,0.006087273,0.09281472,234.94737,102.76958,35.3446,11.566702,12.690077,4.581521,10.090412,216.74315,234.94737,1.0911058,3.6806839,11.566702,0.30170298,0.049346536,0.07231683,0.07120792,0.058217824,0.040158417,0.082376234,0.32467327,0.20765296,0.89635473,0.47146714,0.8394378,5.333491,15.699406,9.814976,661.8021,0.0,1.7353512,1.0300182,-1.0263826,0.99999994,0.3597601,578.3679,87.40083,0.045250263,0.6549635,1928.2616,152.73615,0.12511201,0.08388036,0.08380565,0.08661786,0.24064657,0.09286659,0.09316452,0.088319436,0.105586976,0.84673053,0.24064657,3.064172,2.0,0.09281472,0.09266401,2.7473683,0.25956827,48.412586,0.30789092,0.053585455,0.073454544,0.065563634,0.05325818,0.052756365,0.06619637,0.32729456,0.6482486,0.7644922,0.29309884,0.92015064,35.934147,32.970577,5139.89,0.006996364,77.43192,31.451597,170.0,131.0,149.0,0.0,0.2829551,0.047280565,0.07201328,0.08701605,0.04696012,0.028956797,0.07976229,0.35505578,0.20002523,0.93660885,0.42309198,0.96942306,99.20024,22.65552,173.0,143.0,155.0,0.0,0.30065918,0.049575806,0.07772827,0.06838989,0.05354309,0.045700073,0.07330322,0.33110046,0.21089368,0.89471895,0.36734796,0.95007604,1
106.58771,131.84866,136.24316,35.214226,29.80108,29.93032,0.80840945,0.7823343,0.9677452,-25.260956,-29.655457,29.655457,0.7906288,0.7643361,27.905577,-0.07454775,-0.08939185,95.58527,60.31629,136.30045,25.821333,29.999537,124.793,31.218605,255.0,187.0,251.0,0.031959966,0.22238651,0.07199685,0.01758039,0.053073518,0.039271012,0.012588427,0.020849584,0.049736496,0.04594505,0.021019148,0.009461668,0.03767711,0.055325326,0.020618977,0.07337371,0.24909623,2.7122228,0.6657813,0.3143042,0.63080996,6.3419495,80.40307,91.06137,24281.916,0.124710895,0.043120693,203.40565,206.69087,211.84677,38.635487,37.62551,36.57586,110.00422,11.749922,212.03952,17.965746,6.8675447,36.56287,0.36194897,0.04524362,0.07047564,0.06293503,0.042053364,0.05336427,0.068445474,0.29553366,8.381617,0.38981208,0.18856817,0.21725059,6.684257,184.25557,96.02347,86396.44,0.3198956,1.6531944,0.1948051,0.3423076,0.99999994,0.43364337,447.8546,75.46968,0.007493321,0.3110025,385.71674,70.09178,0.13063638,0.11498767,0.11056709,0.11748372,0.113620564,0.10344674,0.096606724,0.09234959,0.120301515,1.0375308,0.13063638,3.1624062,76.0,0.043120693,0.024705827,1.8441558,0.051434215,244.31929,0.3005555,0.06829358,0.0529243,0.06967044,0.06690993,0.0475186,0.076263085,0.31786457,6.6412797,0.4619007,0.15743795,0.4398872,150.863,121.25219,62445.324,0.30940673,124.904366,27.660501,254.0,184.0,226.0,0.014493534,0.2905649,0.0761309,0.049661275,0.07498361,0.06826377,0.04351508,0.078152314,0.31872815,1.7484299,0.7026171,0.34607664,0.6966767,137.4196,33.74401,255.0,228.0,252.0,0.056777954,0.28378296,0.078125,0.05029297,0.066101074,0.07098389,0.052459717,0.07609558,0.3221588,3.799459,0.6047977,0.27960777,0.5717622,0
59.63479,32.696945,27.846306,44.034073,33.3088,23.677576,1.8238642,2.1415691,1.1741933,26.937843,31.788483,31.788483,1.096999e+06,1.0700684e+06,294370.4,0.3186105,0.3178845,95.80952,158.482,59.70422,58.21328,44.073925,40.1938,34.567184,252.0,99.0,181.0,0.0036918414,0.24398124,0.057861485,0.02269753,0.03722395,0.04200765,0.012284843,0.019429086,0.031012654,0.039277688,0.021407684,0.016392313,0.049608976,0.03672304,0.014357363,0.06957654,0.28615794,3.1861665,0.5270903,0.21000266,0.6602694,6.708212,85.2905,64.6672,31116.959,0.18695252,0.035268087,190.76741,131.53484,75.561005,43.609913,52.520817,46.22376,15.397747,160.11595,190.98198,8.579206,40.98949,43.507202,0.29983678,0.076474704,0.046164606,0.0918629,0.061785962,0.037304733,0.07973887,0.30683142,4.104244,0.55142397,0.14420189,0.770073,7.3936872,112.49232,93.87994,30389.05,0.2268594,3.5548306,1.01031,0.6854751,0.99999994,0.33962336,172.67303,51.393486,0.044590835,0.69751155,466.9481,84.63477,0.11474554,0.10886949,0.10904561,0.114335984,0.11327409,0.112818204,0.10688577,0.10835935,0.111665964,0.99630153,0.11474554,3.1694944,31.0,0.035268087,0.0145595465,1.2272727,0.31203628,40.27215,0.3098448,0.056953583,0.056646775,0.050873775,0.057629813,0.065537944,0.05137469,0.35113862,12.162596,0.31810004,0.10033698,0.4679069,174.96474,99.76192,123201.99,0.35910937,40.242905,30.16971,251.0,91.0,167.0,0.0026113484,0.30450395,0.059428975,0.05884733,0.061022177,0.06071871,0.05530688,0.060566977,0.33960497,1.2154051,0.6868647,0.29368442,0.8302698,49.0562,37.31483,252.0,112.0,186.0,0.0042877197,0.30592346,0.060836792,0.054901123,0.052200317,0.06022644,0.0635376,0.050872803,0.35150146,2.9351444,0.52266455,0.18297684,0.73465645,1
126.7267,77.92264,39.687748,110.14478,80.70802,54.47124,1.6263143,3.1930938,1.9633927,48.80406,87.038956,87.038956,637029.3,3.167816e+06,851272.06,0.38780522,0.53539854,16.923912,205.96333,126.77019,59.32198,110.142654,88.12388,84.40292,255.0,236.0,254.0,0.06828554,0.08196486,0.1361764,0.0016187924,0.053851828,0.013453963,0.0066910083,0.0050902027,0.101768084,0.033113297,0.009640808,0.0005935572,0.0056837597,0.087648615,0.014425239,0.06084861,0.38743097,0.75937456,0.92132413,0.39500052,0.98568827,6.747946,32.233154,77.36388,5207.454,0.024030074,0.09849307,253.9451,236.34062,165.58385,3.9817903,19.137552,62.402176,31.693302,89.13324,254.14041,26.504356,62.05314,3.9532204,0.1458118,0.028955532,0.032885212,0.11127198,0.04239917,0.0059979316,0.19048604,0.44219235,0.29798096,0.91170913,0.5309704,0.8536639,5.3986187,26.970285,32.315243,1169.4307,0.01302999,2.6502674,0.43276265,-1.3493273,0.43749997,0.14779295,3874.9548,157.04112,2.6532364,4.948169,7939.5903,227.03436,0.06491367,0.07483423,0.10823281,0.1914709,0.2730881,0.10064437,0.07012074,0.05902896,0.05766621,0.5966671,0.2730881,2.9317691,2.0,0.09849307,0.09131146,2.6216216,0.2211227,56.829853,0.24754933,0.06444592,0.02257316,0.09856647,0.061765924,0.010558124,0.09552674,0.39901432,0.8728935,0.8737525,0.32518113,0.98194677,45.02869,76.734375,5355.2554,0.04457075,88.32225,84.19358,255.0,235.0,254.0,0.06662988,0.25833705,0.06410257,0.017563362,0.1046391,0.04483474,0.005187491,0.10589892,0.39943677,1.0240316,0.8768124,0.37917364,0.98065007,70.50649,80.400116,255.0,218.0,254.0,0.046662953,0.21718669,0.06808667,0.019955384,0.1365095,0.02823702,0.0060202302,0.06411392,0.4598906,0.768086,0.9251146,0.45094582,0.9841611,1
130.29628,146.45366,150.10481,41.43933,38.46784,38.24178,0.8896758,0.8680353,0.97567594,-16.15738,-19.808533,19.808533,6993.0737,5657.3203,4804.573,-0.041837804,-0.05868971,95.73888,42.645126,150.27103,39.72365,38.337936,142.01454,39.142654,255.0,217.0,251.0,0.047277424,0.21770324,0.088503435,0.014489698,0.058354896,0.030902412,0.010547835,0.019287653,0.05673215,0.04878454,0.021191504,0.0076856734,0.029145503,0.05392749,0.01693659,0.082038015,0.24376936,2.736073,0.63400364,0.23150207,0.7450758,6.803629,100.58457,95.44453,25474.639,0.20258744,0.032854017,222.57625,224.09143,225.60909,26.301792,25.78906,25.699213,95.91678,5.710632,226.5356,39.804035,5.7249637,25.537083,0.38963038,0.04106776,0.09086242,0.07546201,0.040041067,0.037474334,0.06365503,0.261807,4.0022073,0.5027616,0.26691723,0.18455604,6.257386,117.30063,72.86544,39563.133,0.2063655,1.5758946,0.13391054,-0.5462429,0.99999994,0.39170885,409.9684,71.056885,0.003169125,0.18773049,361.91788,68.02562,0.11722598,0.09099686,0.10242503,0.11036207,0.124909066,0.12401377,0.116668835,0.09893689,0.11446152,0.9707149,0.124909066,3.162881,128.0,0.032854017,0.0013169199,1.5882353,0.42685577,29.439384,0.31025714,0.07163712,0.042504393,0.07706756,0.06735665,0.037035618,0.07089602,0.3232455,6.949758,0.43971938,0.117028765,0.6211605,184.60829,128.4976,64806.066,0.346705,142.06677,36.01896,255.0,203.0,234.0,0.024771217,0.31415987,0.071559206,0.040107157,0.07681409,0.06808171,0.03768579,0.06803019,0.323562,2.2502925,0.6284853,0.23326214,0.7356942,152.25513,28.912504,255.0,222.0,251.0,0.052841187,0.30596924,0.06896973,0.042404175,0.07626343,0.073150635,0.038742065,0.06813049,0.32637024,2.6978128,0.62080485,0.27613673,0.59209985,0
143.06496,127.442635,116.77947,53.40809,48.591415,44.269608,1.1225832,1.2250865,1.0913103,15.622322,26.285484,26.285484,26284.59,29402.168,10159.708,0.04719027,0.069156975,23.43021,54.25574,143.32024,44.847813,53.055935,130.9107,49.095623,224.0,182.0,214.0,0.003027887,0.20502074,0.06934397,0.011278092,0.043257933,0.054389138,0.016203364,0.020082073,0.055477012,0.037451345,0.021844706,0.007151513,0.036037564,0.059727527,0.024309635,0.062669836,0.27575555,0.50286007,0.879837,0.30127338,0.97120494,6.9941893,23.770935,51.762856,3727.759,0.009106933,0.07446542,202.33643,189.42015,174.77551,14.712826,15.56252,18.656702,17.446255,34.497684,202.33643,3.118822,18.3921,14.712826,0.2423285,0.04360649,0.07653957,0.08187627,0.054209676,0.037497368,0.10195913,0.361983,0.07742376,0.9628121,0.6464999,0.9462041,5.1744523,12.51881,9.612971,457.35898,0.00042131872,1.4634805,0.6358347,-1.8197366,0.99999994,0.14846994,1406.8048,107.828674,0.0057557365,0.21825302,1568.539,113.540215,0.20615585,0.09777281,0.08920943,0.085895486,0.08392442,0.084696636,0.083367355,0.08907336,0.17990462,1.4262762,0.20615585,3.0693119,31.0,0.07446542,0.032079477,1.2051282,0.26203007,47.957745,0.28889725,0.059158344,0.06726462,0.074333504,0.06159114,0.047471724,0.07755582,0.3237276,1.0528495,0.7359282,0.19666411,0.9388284,49.726837,59.201115,8901.426,0.035537235,130.7454,49.319767,223.0,182.0,214.0,0.003146397,0.24418476,0.06198621,0.05232794,0.09295167,0.0710178,0.024422163,0.11429572,0.33881372,0.63105166,0.9028545,0.3242469,0.96371704,157.97359,24.306122,221.0,182.0,189.0,1.5258789e-05,0.2766571,0.052215576,0.07476807,0.06890869,0.060531616,0.044403076,0.08265686,0.339859,0.26458693,0.87974703,0.42300266,0.94363666,1
121.78015,51.217525,4.977722,69.80002,32.998928,9.021251,2.3777046,24.46503,10.289348,70.56262,116.80243,116.80243,316903.72,4.816052e+07,1.8915582e+07,0.40668797,0.6208999,25.237156,238.58109,121.81106,31.089201,69.747154,67.030205,39.911297,241.0,136.0,162.0,0.0004982277,0.2045802,0.06858537,0.014610771,0.05056444,0.04493474,0.013537747,0.020240474,0.058795862,0.04146578,0.020799035,0.008349013,0.036277045,0.0553857,0.020196378,0.064866535,0.2768109,0.6500745,0.81073076,0.24966486,0.9463202,7.179457,38.512684,45.03879,4852.777,0.035321612,0.07335336,239.78711,120.2094,10.205899,12.751802,22.62766,21.12295,14.43334,244.47253,239.78711,1.7128044,21.617651,12.751802,0.2761251,0.06687007,0.06127638,0.083651155,0.075514875,0.04551233,0.09534706,0.29570302,0.8335979,0.7325858,0.33144498,0.6896243,5.944361,50.261536,39.65812,5035.4263,0.044749554,2.1394405,1.0246937,-1.2350956,0.62499994,0.3403454,594.28705,78.882065,0.031283956,0.6520119,1994.6025,140.41626,0.13210441,0.104761995,0.10391371,0.10433835,0.14235988,0.099460855,0.096096694,0.096657656,0.12030643,1.0077858,0.14235988,3.1560955,20.0,0.07335336,0.04849891,1.1216216,0.3104867,40.473137,0.2883055,0.069908276,0.05323965,0.07165746,0.06664511,0.052901577,0.07178975,0.32555267,1.8145205,0.6454179,0.18282846,0.88954407,75.94822,65.1999,15832.6455,0.15820496,66.92367,39.43566,229.0,134.0,159.0,0.00045400375,0.25955328,0.07530067,0.0445524,0.10581195,0.06392559,0.027015818,0.085016884,0.33882338,0.5437873,0.83093095,0.25934207,0.9539176,77.6038,37.810184,241.0,141.0,164.0,0.00054705626,0.26887405,0.06608779,0.058091603,0.0791603,0.06454199,0.0435687,0.078740455,0.3409351,0.65557265,0.80519265,0.24843581,0.94043446,1
119.86672,108.46571,92.79438,76.157364,74.154434,75.15151,1.1051116,1.2917454,1.1688824,11.401009,27.072342,27.072342,14549.494,15252.622,1224.3334,0.04204725,0.09428818,44.267845,76.84826,124.611305,54.89204,77.63798,110.08428,73.70648,255.0,253.0,255.0,0.13157734,0.16123368,0.105649,0.0036961152,0.06389583,0.0367093,0.010264718,0.010162615,0.09056503,0.07433072,0.019671774,0.0022190306,0.022939058,0.105825976,0.017759051,0.06201714,0.21306098,0.6267194,0.86954534,0.21961766,0.98494613,7.7566504,35.84368,54.08308,4376.957,0.031182144,0.09040537,249.00987,251.07324,249.38658,8.606932,6.1480126,12.370941,61.424473,8.212946,253.31647,47.229805,12.139485,4.7611,0.26730165,0.025602937,0.07034254,0.09323663,0.028836071,0.013544215,0.10520797,0.395928,0.11329816,0.9668967,0.92291445,0.3065836,3.6365147,12.789597,20.759125,935.98517,0.004194338,2.273595,0.106872246,-4.120136,0.99999994,0.435471,3951.4868,220.17358,0.025853287,0.49941665,4400.2446,230.4538,0.12048481,0.09480894,0.08712443,0.090603895,0.14552608,0.111015074,0.11149311,0.119073026,0.11987063,0.9914393,0.14552608,3.1527123,20.0,0.09040537,0.0713972,1.3100775,0.18668512,67.313194,0.27373037,0.07139697,0.047178224,0.098644756,0.09268877,0.028792942,0.11434133,0.27322665,1.166115,0.7845683,0.18392035,0.9679952,58.93999,66.54421,9185.597,0.073602386,110.39258,73.36653,255.0,252.0,255.0,0.13182618,0.2805615,0.07406186,0.03972309,0.10054392,0.107521564,0.022993242,0.1195264,0.2550684,0.63069427,0.83567846,0.20738463,0.98476076,89.10899,53.72716,252.0,189.0,236.0,0.023284912,0.25411987,0.08772278,0.0385437,0.12557983,0.09661865,0.019714355,0.12591553,0.25178528,0.25558499,0.8878142,0.24012917,0.98874575,1
105.716446,130.30803,134.67075,37.315895,33.53912,33.83376,0.81128114,0.7849993,0.9676046,-24.591583,-28.9543,28.9543,4098.2554,2539.5574,2601.0103,-0.07324324,-0.08957708,95.42256,61.705498,134.73744,32.589912,33.870205,123.45064,34.442352,255.0,188.0,251.0,0.03213994,0.2209452,0.07141628,0.017735353,0.054183327,0.038361218,0.011754747,0.020522632,0.05147175,0.046984576,0.020887388,0.009930972,0.03653056,0.055277593,0.020563925,0.07347405,0.24996042,2.7405694,0.6663132,0.307744,0.6856572,6.390169,83.79399,97.62584,26095.777,0.1257579,0.04339777,203.62013,206.70122,211.85681,38.774498,37.820072,36.810078,110.4542,11.572145,212.05583,18.10594,6.697497,36.78569,0.36041358,0.04519941,0.07355982,0.05819793,0.04549483,0.048744462,0.06646972,0.30192024,8.39231,0.3872547,0.18801256,0.2191197,6.667266,183.24953,96.649345,86093.33,0.3211226,1.6717843,0.18753831,0.27709684,0.99999994,0.43955263,509.4554,73.01434,0.007152967,0.30284953,477.99112,70.3844,0.14538297,0.10862238,0.1085265,0.112308525,0.10854463,0.10219346,0.09275679,0.08830008,0.13336472,1.093338,0.14538297,3.1533394,70.0,0.04339777,0.024673292,1.8441558,0.055046864,228.28496,0.29870683,0.06995038,0.05149928,0.07147822,0.06729386,0.046723053,0.07691514,0.31743324,6.603128,0.46607834,0.15420142,0.49668345,153.29974,123.63575,63509.2,0.31376502,123.656586,30.456573,254.0,184.0,226.0,0.014330473,0.2881619,0.074438594,0.049764346,0.07621292,0.06867202,0.043304686,0.08203493,0.3174106,1.9601504,0.69484645,0.33873686,0.7066528,138.03401,34.123795,255.0,230.0,252.0,0.05859375,0.28382874,0.079055786,0.048828125,0.067352295,0.07067871,0.05206299,0.075927734,0.32226562,3.8647711,0.6015547,0.27633396,0.57236844,0
110.48344,133.93115,138.30774,41.94132,37.238277,37.545795,0.8249271,0.79882324,0.96835613,-23.447716,-27.824303,27.824303,3002.7686,2284.7139,1933.5259,-0.07018085,-0.085572965,95.93969,58.608536,138.31819,32.84131,37.52823,127.41941,38.47832,255.0,223.0,252.0,0.052545946,0.2219839,0.06332366,0.016712448,0.051402733,0.03980587,0.012923984,0.019289529,0.058184933,0.056356285,0.020454615,0.011959507,0.039497238,0.05385636,0.018749421,0.065738715,0.2497608,3.8263574,0.6343438,0.29255673,0.65345186,6.5394816,99.96983,109.045586,37538.938,0.16580507,0.03677987,218.67331,220.37238,225.64548,33.336185,33.043133,31.765415,113.41973,8.832606,225.67601,16.846043,5.1800213,31.76753,0.3807377,0.036065575,0.09344263,0.064344265,0.03852459,0.052459016,0.06967213,0.2647541,6.7545605,0.44014755,0.26014435,0.17175578,6.349633,162.55983,97.051384,76995.055,0.2942623,1.7302586,0.15070511,-0.18984826,0.49999997,0.0005861739,405.9041,66.9248,0.0044667716,0.19792557,339.0964,61.14483,0.1486164,0.09332608,0.08578459,0.08928222,0.09822804,0.10056884,0.10779068,0.117318995,0.15908416,1.1947613,0.15908416,3.1363153,71.0,0.03677987,0.017500037,1.7924528,0.08702206,144.40443,0.29064688,0.06634826,0.05409555,0.07756705,0.07601617,0.051811673,0.07375544,0.30975896,8.47847,0.43667707,0.13640678,0.45470726,173.41566,136.78963,83493.84,0.33431068,127.53451,33.89999,254.0,200.0,236.0,0.025052702,0.28248024,0.07257914,0.05721749,0.081876986,0.07021581,0.05264631,0.07500467,0.30797935,2.5840282,0.6578217,0.31781685,0.69076645,140.20097,42.917076,255.0,245.0,253.0,0.08955566,0.2774594,0.069122866,0.05392782,0.077434815,0.08033863,0.056939173,0.07317898,0.31159833,5.0331993,0.59407395,0.27732474,0.6319456,0
105.24448,132.51103,136.592,44.099583,42.785027,43.2149,0.7942318,0.7705025,0.97012293,-27.266556,-31.347519,31.347519,12629.616,15813.162,15145.733,-0.078472815,-0.094592966,93.145035,72.49435,136.6823,48.264923,43.180984,124.812355,42.849003,255.0,203.0,253.0,0.040760964,0.22268184,0.07652939,0.017149504,0.0498128,0.037148777,0.012525898,0.02050816,0.05193559,0.04376431,0.021489587,0.008883719,0.033252154,0.05431282,0.020987969,0.0709389,0.25807858,2.1316233,0.7003747,0.33791405,0.8280524,6.352755,75.67798,94.02802,20431.996,0.100919634,0.06603276,211.37633,214.95976,217.59483,36.89771,35.159203,34.44071,99.23712,8.361537,217.7301,32.29646,6.726716,34.46154,0.36930043,0.04934416,0.07339163,0.07011243,0.04356652,0.03888195,0.07276702,0.28263584,6.079147,0.46176705,0.25056475,0.32485327,6.429633,166.57674,95.435005,59751.96,0.32589006,1.7160354,0.11534054,0.076878004,0.99999994,0.4572543,2431.3792,137.63058,0.008465606,0.2866873,2818.6594,142.64261,0.14623258,0.09884645,0.10186914,0.11088418,0.11562981,0.1090677,0.09714467,0.08731593,0.13300958,1.0755073,0.14623258,3.1526842,61.0,0.06603276,0.045455504,2.102564,0.124786384,100.703064,0.30387846,0.06704954,0.050067246,0.07319981,0.06356003,0.04269565,0.07421759,0.3253317,5.5389843,0.48492306,0.15752083,0.6488163,143.2605,115.902176,53118.977,0.30936715,124.6809,40.57609,255.0,198.0,243.0,0.02982269,0.28965962,0.07276672,0.04652731,0.079773664,0.07531737,0.037057668,0.085050866,0.3138468,1.6235008,0.7298899,0.37775385,0.8479088,145.50435,36.13472,255.0,245.0,254.0,0.08078003,0.29696655,0.07380676,0.048934937,0.06994629,0.068862915,0.045394897,0.073013306,0.32307434,2.65707,0.6464282,0.30616257,0.7333821,0
120.69493,137.02173,141.06305,44.393707,43.822704,44.06221,0.8808452,0.85560983,0.97135097,-16.326797,-20.368118,20.368118,19886.072,16128.205,13973.094,-0.04238067,-0.052929528,94.62556,50.21088,141.19273,49.73218,44.052185,132.57812,43.827957,255.0,201.0,249.0,0.03513765,0.22012095,0.08337333,0.01748104,0.057338964,0.03239896,0.0104924645,0.01910339,0.048315253,0.045224153,0.020120956,0.009033311,0.03338773,0.052116733,0.017605837,0.083680525,0.25020638,3.0754724,0.6183464,0.21770948,0.754584,6.749177,101.15195,98.40044,29777.037,0.21360277,0.024057547,214.67305,217.04097,218.84456,29.756264,29.260294,29.12314,98.736984,6.68951,219.53638,32.789505,5.3093143,29.012852,0.37254903,0.041394334,0.08714597,0.057734206,0.037037037,0.04793028,0.054466233,0.3017429,5.6451116,0.43406233,0.20987006,0.14442964,6.443296,129.86928,72.71008,55494.008,0.2342048,1.6332103,0.13322829,-0.30588117,0.49999997,0.0054195076,275.5122,45.985878,0.0023623193,0.14293844,217.77066,40.85852,0.13404253,0.09903463,0.11849092,0.12416447,0.12085826,0.10504153,0.09199375,0.08527019,0.12110381,1.0179155,0.13404253,3.1556187,81.0,0.024057547,0.0027354867,1.3636363,0.24391447,51.51958,0.31094366,0.07289047,0.044782568,0.06773543,0.0627052,0.042929824,0.06954017,0.3284727,7.853968,0.42447358,0.11994525,0.5866091,184.57637,127.038185,75905.03,0.35104156,132.67973,41.238472,254.0,191.0,223.0,0.012598542,0.31115696,0.070460916,0.04138119,0.069876984,0.06318125,0.0404469,0.071161635,0.33233416,2.6233635,0.6381364,0.23068607,0.7393085,147.5869,45.9574,255.0,232.0,252.0,0.06544043,0.29474634,0.07668057,0.046250552,0.06710751,0.06758809,0.048903327,0.06881836,0.32990524,4.219486,0.5737279,0.2299171,0.6879993,0
102.014496,132.99205,136.60068,39.472946,36.251442,36.622814,0.76707214,0.7468081,0.9735826,-30.977554,-34.58618,34.58618,10874.934,9019.869,9253.408,-0.089625284,-0.10118058,93.05814,74.572075,136.6748,40.75367,36.61041,124.12883,36.816925,255.0,187.0,252.0,0.03295834,0.22235635,0.075959556,0.016322032,0.050429773,0.039116897,0.01348215,0.020264044,0.055718835,0.04441762,0.021914326,0.009219412,0.032824837,0.05239495,0.021360345,0.06840208,0.2558168,1.7651376,0.7309211,0.38324976,0.8091774,6.201976,64.80791,84.08452,16132.978,0.079983205,0.06350967,204.95511,209.43007,212.38321,39.481575,37.24029,36.34289,100.351135,10.671445,212.67117,29.389761,9.62271,36.272507,0.36420944,0.051074233,0.0708864,0.07101505,0.046442814,0.038466487,0.071786955,0.28611863,6.590146,0.4458466,0.2233642,0.36086583,6.5507636,175.94113,98.74528,63855.55,0.34632704,1.6791272,0.14310242,0.34878787,0.99999994,0.32966286,566.13257,79.03335,0.010906225,0.36009848,479.8969,71.401726,0.1369892,0.1014917,0.102939725,0.11130786,0.115381196,0.111104846,0.10107215,0.093426876,0.1262864,1.0491378,0.1369892,3.1604462,63.0,0.06350967,0.044720236,2.341772,0.08635225,145.52454,0.30242702,0.06732911,0.052978087,0.07698587,0.06457087,0.04246994,0.07203504,0.32120407,4.5239553,0.5199045,0.18389782,0.62095267,125.00951,106.213585,42380.95,0.26820266,124.24464,34.571514,255.0,187.0,240.0,0.024582328,0.28785878,0.07267757,0.049087994,0.085992366,0.07336099,0.036645144,0.08394212,0.31043503,1.3598028,0.7634488,0.42988563,0.8251,136.3233,27.819483,255.0,198.0,252.0,0.035217285,0.29093933,0.07281494,0.05104065,0.071640015,0.06982422,0.045425415,0.07673645,0.32157898,1.8636853,0.7016617,0.38194466,0.68786424,0
120.89168,137.2481,141.29448,44.151585,43.509438,43.724884,0.88082594,0.85560083,0.97136205,-16.356415,-20.402802,20.402802,19724.629,15628.548,12482.825,-0.041321322,-0.05290019,94.688644,49.80517,141.42438,48.91094,43.722115,132.79625,43.53323,255.0,201.0,249.0,0.035203926,0.21949297,0.08353442,0.016708808,0.05730794,0.03247546,0.011123182,0.019775614,0.048867013,0.044819597,0.02057356,0.009671496,0.033292636,0.051751155,0.017227953,0.08415932,0.24921888,3.0795195,0.61728096,0.21774147,0.750592,6.7520833,101.20928,98.388374,29734.527,0.21422459,0.023607664,214.54045,216.83548,218.63696,29.839361,29.36203,29.244465,99.65377,6.8292303,219.45331,31.084217,5.4109135,29.10946,0.3542354,0.0440044,0.07150715,0.05720572,0.04510451,0.04950495,0.05830583,0.32013202,5.5625577,0.43873328,0.21109997,0.16433264,6.4397573,131.96465,75.035736,55226.887,0.2310231,1.629121,0.1371189,-0.312326,0.49999997,0.0056556356,277.01382,45.78676,0.0023620208,0.14256728,219.12173,40.658363,0.13466161,0.09870405,0.11788371,0.12569018,0.120372295,0.10475271,0.09200339,0.08492595,0.12100612,1.0170527,0.13466161,3.155105,80.0,0.023607664,0.0026199988,1.1818181,0.25868958,48.577026,0.31009355,0.072324716,0.045800205,0.0688349,0.06314352,0.043281388,0.06836382,0.3281579,7.8417687,0.4238857,0.11974222,0.5834624,184.69362,126.84912,75759.97,0.3516925,133.00403,40.763435,255.0,191.0,223.0,0.012370753,0.31063762,0.071787484,0.04121061,0.0696062,0.06364663,0.04035368,0.07065789,0.33209988,2.6263769,0.63816553,0.23141396,0.732278,147.85275,45.557602,255.0,232.0,252.0,0.06552337,0.2930474,0.07637273,0.047466103,0.06760266,0.06775652,0.049158573,0.06846812,0.3301279,4.226989,0.572966,0.2303869,0.6832541,0
101.74848,126.79895,131.33029,38.491947,32.69046,32.825237,0.80243945,0.77475256,0.9654966,-25.050468,-29.58181,29.58181,68.13165,20.958225,7.695984,-0.07826941,-0.094282046,95.7239,63.180824,131.3762,27.889381,32.857998,119.81819,34.22238,255.0,196.0,251.0,0.037776895,0.21740103,0.06950784,0.016412232,0.056628983,0.03947074,0.01151569,0.019898135,0.052498795,0.05148829,0.019816753,0.010464493,0.038684037,0.05860252,0.018914757,0.07406528,0.24463043,3.3900335,0.6482649,0.30967307,0.61848336,6.439998,93.50173,103.25149,31774.236,0.14588575,0.037898127,205.41675,208.70589,213.6252,39.38613,38.638866,37.538483,107.77537,11.233339,213.78142,20.455677,6.9251323,37.503986,0.3609334,0.042152803,0.08581106,0.057960104,0.041400075,0.049303725,0.07376741,0.28867143,8.950006,0.39462373,0.2079424,0.20256561,6.6038275,190.31319,102.811325,100399.25,0.30222055,1.7384359,0.17779665,0.16382945,0.99999994,0.4336052,384.922,64.282166,0.008680282,0.31091696,333.78494,61.198532,0.138928,0.11633754,0.1101568,0.107324734,0.1075533,0.09825255,0.09526028,0.09960095,0.1265859,1.0865762,0.138928,3.1597066,102.0,0.037898127,0.016218001,1.9411764,0.08394536,149.69704,0.29358906,0.070416614,0.052173264,0.07220704,0.07049122,0.049128186,0.07926701,0.31272763,7.169034,0.44530585,0.14563332,0.48898727,163.88548,128.3014,68161.336,0.32808864,119.93833,29.879063,254.0,185.0,227.0,0.014520474,0.2849104,0.077250876,0.050945148,0.07440996,0.06471263,0.048131555,0.07919034,0.32044908,2.23374,0.6727511,0.3383089,0.67122924,132.82193,37.00438,255.0,236.0,253.0,0.06416321,0.27908325,0.08087158,0.048599243,0.06996155,0.07106018,0.05204773,0.08018494,0.31819153,4.4685893,0.59607416,0.2658426,0.58245003,0
81.86064,78.983116,85.272865,59.99974,71.33679,70.30028,1.0364321,0.95998466,0.9262397,2.8775253,-3.4122238,6.289749,365849.34,24451.549,4288.835,0.09281939,-0.00268964,114.05147,92.794754,93.641365,65.31851,70.75392,80.5743,66.96977,253.0,203.0,213.0,0.0015481208,0.25851262,0.06477006,0.019741643,0.035784457,0.045907896,0.015225704,0.020159556,0.03483636,0.035141997,0.021388339,0.01441483,0.04600146,0.035329122,0.020371629,0.05909394,0.2733204,2.359414,0.57982576,0.16803601,0.93212366,7.508906,70.90007,62.718513,22361.055,0.1388402,0.05815282,184.41136,211.42404,218.78143,13.048083,8.474954,12.899376,95.133,43.955418,220.67938,11.243251,10.695057,9.446055,0.32062244,0.051030423,0.06575073,0.06350764,0.051310807,0.051871583,0.06589093,0.33001542,0.65816283,0.7338737,0.46847388,0.09006004,5.0838575,34.714554,18.755924,5130.8555,0.0,2.5337768,0.47368428,-2.4250486,0.99999994,0.37905708,3687.6733,169.12697,0.1804032,1.1458724,4129.4917,182.54228,0.10483299,0.10404286,0.10565308,0.10796767,0.15842141,0.10810527,0.10633412,0.104163356,0.10047919,0.90861326,0.15842141,3.154963,30.0,0.05815282,0.053428598,2.7977529,0.08041209,156.27464,0.32299575,0.054309793,0.061189737,0.053979203,0.055095714,0.061595175,0.0548774,0.33595723,9.035297,0.36339283,0.09332651,0.71603477,144.56696,92.209915,90228.86,0.33877033,80.727394,65.553925,251.0,201.0,209.0,0.00024583313,0.34161958,0.05755179,0.063653484,0.061946012,0.059962336,0.05245449,0.06257376,0.30023855,1.1585257,0.728284,0.20333397,0.96562827,88.395874,64.029976,253.0,207.0,215.0,0.0032806396,0.3293152,0.0549469,0.06338501,0.055252075,0.05810547,0.059280396,0.059143066,0.3205719,2.370995,0.5539637,0.15062393,0.9257428,1
141.28296,135.69434,125.83171,49.455933,45.249283,46.52317,1.0411854,1.122793,1.0783795,5.588623,15.451248,15.451248,18142.227,26242.555,13420.859,0.014628162,0.0362732,71.33232,41.208157,144.07654,47.843983,48.327747,136.23584,45.864857,249.0,212.0,227.0,0.030765608,0.1741534,0.11143482,0.0052103275,0.054056335,0.036686413,0.009972943,0.011926005,0.076889634,0.061978888,0.023462694,0.0031080283,0.025493618,0.08734273,0.022456964,0.05996743,0.23585977,0.91359377,0.84838635,0.2452406,0.94084334,7.2902126,40.214825,73.61429,7827.3574,0.043434534,0.098850824,212.91008,211.39021,213.17155,12.4406,11.815818,17.952202,121.232185,9.715803,216.88864,38.683746,17.994234,12.266894,0.35409585,0.026704585,0.022196019,0.070541725,0.058403272,0.0035374905,0.15911771,0.30540335,0.06728891,0.9721896,0.5695689,0.9383485,5.396433,7.11638,9.027406,114.02992,0.0013872512,1.5564283,0.23577379,-1.8937798,0.99999994,0.40070224,1202.3596,118.20419,0.0016727503,0.1430062,1151.9071,117.57989,0.11654027,0.075129196,0.06452181,0.07664823,0.26024106,0.09042382,0.085909784,0.103263885,0.12732191,0.8442586,0.26024106,3.0210903,17.0,0.098850824,0.09302858,2.5520833,0.3952651,31.79226,0.28221416,0.06663769,0.047301725,0.09492139,0.08339768,0.03210548,0.09879507,0.2946268,1.9981157,0.7281052,0.18265192,0.8956851,77.237785,94.58049,18704.078,0.12914863,136.2698,44.73685,249.0,211.0,226.0,0.030015517,0.31695613,0.058337245,0.04347259,0.08167736,0.09630731,0.02983362,0.10371356,0.2697022,0.832743,0.8260026,0.23857445,0.94253045,141.68057,33.892014,249.0,193.0,212.0,0.0032043457,0.28408813,0.05999756,0.045333862,0.08988953,0.091674805,0.029174805,0.11430359,0.28553772,0.4730632,0.84287685,0.2792263,0.94789946,1
142.61896,97.51064,68.35906,79.44048,61.335083,41.621918,1.4625989,2.086321,1.4264479,45.108315,74.259895,74.259895,57854.746,59921.56,2864.2769,0.15853505,0.23126021,29.860857,130.68655,143.7467,41.48953,78.55646,107.683495,63.066902,255.0,220.0,253.0,0.05001751,0.19307601,0.07125077,0.010010364,0.03974026,0.051035143,0.016920174,0.019444913,0.055739127,0.03188257,0.0195335,0.006156817,0.032901324,0.056438968,0.023387047,0.07079011,0.3016929,0.55431527,0.87286747,0.21409702,0.9819132,7.8083553,28.746634,55.53775,4022.2993,0.026753364,0.09657678,252.49425,222.41982,149.8312,5.9196672,26.44892,47.853195,23.594234,104.073975,252.6624,13.358048,47.269997,5.942101,0.13858436,0.03640234,0.040872805,0.114741884,0.050878126,0.015220862,0.109419905,0.49387974,0.39750102,0.8985484,0.4387255,0.87331945,5.8972797,29.031958,39.94695,2281.7393,0.029483767,2.0724733,0.7963633,-1.9110755,0.49999997,0.0023739068,1284.0149,117.172226,0.025032677,0.4508084,2368.1716,157.01785,0.11684746,0.091371395,0.088971816,0.093327835,0.22040218,0.10298544,0.09468094,0.0909551,0.10045784,0.8428373,0.22040218,3.095457,9.0,0.09657678,0.048030116,1.7887324,0.3440663,36.52311,0.288582,0.055685975,0.064500414,0.07127734,0.05936235,0.048926763,0.072473265,0.3391919,0.9881576,0.766784,0.18224208,0.9606083,45.11334,64.06704,7965.633,0.032706432,107.822975,62.797367,255.0,218.0,253.0,0.04798599,0.2566074,0.056256928,0.037588067,0.0872644,0.052108295,0.017023712,0.0994242,0.39372697,0.61544245,0.8802834,0.22471038,0.979699,126.03632,61.918396,255.0,234.0,254.0,0.06983255,0.25528938,0.05270799,0.06575663,0.08501974,0.046812203,0.036153752,0.07730033,0.38095996,0.6232372,0.87669057,0.21447827,0.9787294,1
114.52195,133.91393,137.58379,41.39636,41.300392,41.694008,0.85519075,0.8323797,0.9733263,-19.391975,-23.061836,23.061836,20165.758,14241.967,16667.49,-0.053679816,-0.06433371,94.11866,56.162945,137.67992,49.750805,41.65962,128.50313,41.127163,255.0,182.0,245.0,0.024114132,0.21496901,0.08270799,0.016685154,0.05634584,0.033252854,0.010753671,0.019504078,0.049298532,0.04387602,0.020417618,0.008665579,0.03179119,0.05516476,0.018969005,0.080332786,0.2572659,2.2810588,0.6676722,0.25300482,0.8019598,6.5779705,82.702034,87.24014,21551.99,0.1573964,0.028818864,204.15488,208.07843,210.14848,33.30634,31.920292,31.662199,98.44812,8.779246,210.6096,28.230873,6.6667237,31.719532,0.36412078,0.05565423,0.07637656,0.0562463,0.04381291,0.04499704,0.05743043,0.30136174,6.32799,0.41707426,0.18148944,0.19763714,6.5794845,146.28816,79.588615,62517.297,0.2741267,1.61185,0.15631741,0.0015136568,0.99999994,0.39939287,850.92065,93.1758,0.0050929533,0.23973185,879.1669,92.24063,0.13105808,0.104264855,0.121193975,0.12567067,0.12051296,0.10582632,0.090814896,0.0839954,0.11666287,1.005149,0.13105808,3.1562016,122.0,0.028818864,0.0029206164,1.137931,0.3116858,40.31743,0.30480912,0.07184339,0.04569005,0.06929201,0.062440455,0.04131158,0.07250245,0.33211094,6.4682803,0.46076325,0.13521443,0.62550455,162.9913,120.12391,61383.523,0.32873082,128.67548,38.195644,254.0,181.0,217.0,0.008790874,0.30065548,0.074562564,0.041946396,0.070016384,0.065575935,0.038087435,0.08151398,0.32764181,1.5978351,0.679817,0.26552448,0.82323533,148.95703,27.663544,255.0,213.0,251.0,0.043823242,0.29501343,0.07788086,0.04798889,0.06665039,0.06790161,0.04676819,0.07307434,0.3247223,2.705487,0.6162534,0.2587155,0.5553268,0
98.06885,123.12371,127.47152,40.501278,37.08826,37.564575,0.7965066,0.76933926,0.9658919,-25.054863,-29.402672,29.402672,11963.642,9746.652,8875.0205,-0.07805814,-0.0905931,94.60046,69.08987,127.53482,40.174484,37.534485,116.11957,37.85819,255.0,190.0,251.0,0.034935858,0.21545435,0.069378205,0.016507689,0.055758882,0.038964268,0.012012548,0.019631973,0.054286007,0.05097044,0.020333342,0.010004081,0.038562573,0.059195593,0.019109134,0.072068915,0.247762,3.1640291,0.6625527,0.31315765,0.6876296,6.4228806,90.681755,102.60388,30368.12,0.13755132,0.042315356,201.35762,205.13525,210.10802,40.796436,39.948944,38.76713,107.28477,12.199117,210.28241,18.56088,7.4314094,38.738037,0.35729387,0.044095438,0.08184838,0.0576865,0.044095438,0.0525521,0.073693745,0.28873453,9.533812,0.38172984,0.19296739,0.20630008,6.6709085,197.44507,104.15224,104798.74,0.320447,1.7618172,0.17656882,0.24802767,0.99999994,0.3874588,376.9762,64.08432,0.009123626,0.3178298,340.00018,61.93988,0.14326547,0.11586021,0.10879519,0.106762245,0.105893515,0.097754195,0.09348194,0.098213695,0.12997356,1.1032,0.14326547,3.1566417,117.0,0.042315356,0.01726865,2.137255,0.08475106,148.2739,0.29137442,0.06990742,0.05181846,0.0738861,0.07022622,0.04886633,0.07998164,0.3139394,6.6705713,0.4630717,0.1478851,0.55099016,158.9728,126.12774,64304.33,0.3210041,116.147224,34.414474,254.0,183.0,225.0,0.013465416,0.2831727,0.07824036,0.052117515,0.07534352,0.06432014,0.047169812,0.07959906,0.32003692,2.3249075,0.68430424,0.34324032,0.71585923,131.24652,35.911392,255.0,231.0,252.0,0.058425903,0.27896118,0.08053589,0.049362183,0.06971741,0.0715332,0.051589966,0.08062744,0.31767273,4.18855,0.60756963,0.27613887,0.58420354,0
96.987144,124.526695,128.12364,40.89197,38.622257,39.301,0.7788462,0.75698084,0.971926,-27.53955,-31.136497,31.136497,11929.492,11755.468,14051.542,-0.08592597,-0.09607887,93.39189,73.657524,128.15492,43.766953,39.220657,116.696915,39.03134,255.0,188.0,251.0,0.033732086,0.215679,0.06553451,0.016032303,0.05335194,0.040837836,0.013043565,0.018882489,0.06386695,0.054094177,0.020545099,0.009871742,0.0364438,0.057236306,0.020619322,0.0627437,0.25121728,2.5868592,0.7044191,0.3245082,0.75641507,6.3383603,75.80131,95.8839,25267.607,0.11041011,0.05252906,199.28874,203.46025,208.74438,42.11926,40.79013,39.822,108.19314,12.86014,208.77448,14.680776,7.5223227,39.824787,0.34651434,0.047012303,0.07893966,0.06414763,0.04979496,0.05711775,0.06795548,0.28851786,9.631094,0.37469986,0.17779045,0.24131507,6.8165975,201.59877,108.01508,101891.29,0.34578207,1.738054,0.1745937,0.47823694,0.99999994,0.21093594,521.5789,89.30267,0.009307828,0.33045125,460.40286,83.93087,0.1526506,0.09570069,0.088911444,0.088005275,0.09498832,0.09880866,0.10494215,0.11838142,0.1576114,1.2098165,0.1576114,3.1353216,88.0,0.05252906,0.039715797,1.7731959,0.07379698,170.28299,0.28583023,0.067538545,0.054732498,0.08151733,0.07458979,0.04676088,0.079241134,0.3097896,5.9806633,0.5034645,0.1673234,0.56570965,141.27916,122.54043,58710.15,0.2982503,116.70442,35.928654,255.0,182.0,229.0,0.016070152,0.2708793,0.075032294,0.05700944,0.08957774,0.073780425,0.047153503,0.08494784,0.30161947,1.632907,0.7263066,0.34829995,0.8120597,128.58682,27.776955,255.0,190.0,250.0,0.033843994,0.27235413,0.07084656,0.056762695,0.08306885,0.08256531,0.051437378,0.076156616,0.30680847,2.661429,0.6938375,0.38119048,0.5619105,0
122.4412,119.56926,86.61062,40.176662,34.467575,49.95025,1.024019,1.4136974,1.3805381,2.8719406,35.83058,35.83058,3429.6182,376244.97,435167.25,0.0037329968,0.1389283,38.002354,92.221985,126.05824,67.94317,38.923225,116.67354,36.27262,238.0,177.0,193.0,0.00026193928,0.20448114,0.10185977,0.010530571,0.06545408,0.03472738,0.011235744,0.015918087,0.07358707,0.054443996,0.022433879,0.005396918,0.025179349,0.07023515,0.019848246,0.06483353,0.21983509,1.6200354,0.68660486,0.20206496,0.8416495,7.157398,72.82384,70.553085,14346.601,0.1666933,0.08308621,185.81912,180.49304,168.48523,22.448612,11.618104,27.957022,46.120193,26.972021,189.0751,32.22409,44.67006,21.863459,0.29321286,0.051869225,0.037384465,0.10870465,0.057870053,0.010553179,0.13077666,0.3096289,0.227154,0.9041847,0.5320787,0.80283767,5.054125,18.045317,23.070032,832.7716,0.01124293,1.5489777,0.29246846,-2.1032732,0.99999994,0.18446095,534.12555,76.34845,0.008280693,0.3430614,491.46222,70.913635,0.12742534,0.09928473,0.09150678,0.097081006,0.14545609,0.10260719,0.100101784,0.10968559,0.1268515,1.0106302,0.14545609,3.1535232,56.0,0.08308621,0.04141915,1.0260869,0.3566747,35.23202,0.3066794,0.076661624,0.045958422,0.088188834,0.07668042,0.03292214,0.08690072,0.28600845,5.5089226,0.5265536,0.12712215,0.72707915,143.6123,122.22777,53035.113,0.2698741,116.70658,34.511974,230.0,177.0,192.0,0.00013086558,0.29868782,0.08630227,0.049221184,0.09326914,0.090607,0.034362316,0.09372227,0.253828,1.2208883,0.6995723,0.21377033,0.867456,112.295074,32.001587,238.0,170.0,190.0,0.0008239746,0.2947998,0.083358765,0.049453735,0.09402466,0.07809448,0.0332489,0.08695984,0.2800598,1.6307663,0.6549979,0.20285624,0.8005863,1
120.14904,116.01379,109.37689,81.499245,81.713455,84.37288,1.0356445,1.0984865,1.0606791,4.135254,10.772148,10.772148,13509.609,14626.786,5367.171,0.01698143,0.036465287,57.972603,60.932613,127.43273,55.223804,83.50025,116.489685,81.21857,255.0,254.0,255.0,0.19337837,0.14760594,0.10598293,0.0034177527,0.0630282,0.03356289,0.010243946,0.00965259,0.098202184,0.06885328,0.018867485,0.0020534454,0.019328462,0.10521463,0.01949609,0.05581088,0.23867927,0.6061297,0.8763038,0.23340698,0.9878677,7.66665,33.966682,54.72687,4813.652,0.032859784,0.0853325,253.27162,254.24379,253.22423,3.0790293,2.025095,4.8023496,39.36213,2.4687717,254.51857,44.596462,4.7664084,1.8494493,0.17288741,0.011148066,0.047733434,0.08542745,0.012256714,0.0061591524,0.09688347,0.5675043,0.010346083,0.9974142,0.9956202,0.0756415,2.040326,4.6288977,8.441371,203.44756,0.0002463661,2.1794806,0.040516425,-5.6263237,0.99999994,0.16433205,4733.6865,230.6132,0.023400275,0.6803597,5072.089,230.6513,0.13230412,0.097332664,0.083854355,0.08464974,0.1425423,0.10186981,0.107824706,0.1187283,0.13089398,1.0449798,0.1425423,3.1463661,20.0,0.0853325,0.06430597,1.4726027,0.13357083,94.0802,0.26282704,0.06770782,0.046032567,0.101903975,0.08452187,0.023831142,0.11986813,0.29330745,1.2031909,0.7978175,0.19053592,0.970379,57.04595,68.37741,10368.986,0.077528045,116.38741,81.0403,255.0,254.0,255.0,0.19340748,0.2739176,0.07510553,0.037394002,0.10855841,0.09974224,0.022432664,0.123389,0.25946057,0.67254704,0.84790945,0.22330132,0.9864985,115.93106,72.27388,255.0,254.0,255.0,0.14642334,0.24694824,0.050369263,0.035583496,0.09474182,0.12719727,0.0132751465,0.16835022,0.26353455,0.34638348,0.89855933,0.26425952,0.991269,1
154.80853,146.57701,134.88335,58.05738,56.714607,55.19843,1.0561583,1.1477216,1.0866946,8.231522,19.925186,19.925186,18818.22,28352.451,14397.03,0.02413761,0.053559504,24.246698,42.270466,155.12721,41.762302,57.62667,147.69447,56.775677,240.0,224.0,232.0,0.07830671,0.199516,0.07950598,0.011385566,0.048817635,0.04460346,0.0151981395,0.017649451,0.06331689,0.04434268,0.021889701,0.0065298798,0.032409485,0.06784399,0.02397071,0.061700065,0.26132038,0.9697921,0.82215667,0.22426262,0.96005255,7.596486,38.439777,68.59252,7888.2456,0.04466605,0.09590459,230.56068,224.76335,212.54428,4.676632,5.588572,8.9645405,21.705235,20.016613,230.62842,4.3904853,8.547335,4.641745,0.2302521,0.039756592,0.055462185,0.11921182,0.0432918,0.013793103,0.11967546,0.37855694,0.07014119,0.9649294,0.6712502,0.8566133,4.3389473,7.222511,4.281509,81.85511,0.0,1.5236608,0.4735366,-3.2575386,0.99999994,0.25540787,2055.2983,162.887,0.0011885279,0.123713374,2018.8164,160.09134,0.13142642,0.11916637,0.10053305,0.08520195,0.20018212,0.07279657,0.08218042,0.09621124,0.11230177,0.9533693,0.20018212,3.1016119,6.0,0.09590459,0.07895734,1.9435483,0.27337965,45.966736,0.28737208,0.06443823,0.059233103,0.0820616,0.06470944,0.041771412,0.08429908,0.31611502,2.3713992,0.6832722,0.16929653,0.9009785,74.39198,91.77475,21137.066,0.115602866,147.69011,56.5415,240.0,225.0,232.0,0.07839885,0.26049227,0.076598145,0.04901612,0.10091801,0.081533216,0.027352,0.12442233,0.2796679,1.1159111,0.8435598,0.23262595,0.95345676,145.45627,35.94769,223.0,203.0,214.0,0.0006866455,0.28599548,0.058502197,0.06239319,0.0703125,0.07078552,0.04446411,0.09152222,0.31602478,0.5310387,0.8076955,0.24996364,0.9482142,1
100.96532,125.382935,129.8998,40.242306,35.85158,36.09233,0.80525565,0.7772554,0.9652281,-24.417618,-28.934479,28.934479,4228.9214,2240.7808,2472.476,-0.07650677,-0.0944308,95.55245,64.39957,129.95459,33.735928,36.10557,118.58995,36.93006,255.0,198.0,251.0,0.038250733,0.21699251,0.06764477,0.016911192,0.056267273,0.039156232,0.011866778,0.01938516,0.05289744,0.052559763,0.019839985,0.010247328,0.037488542,0.05896176,0.019268008,0.074205264,0.246308,3.426926,0.6485794,0.30184203,0.6612008,6.489985,96.681725,107.92901,33568.92,0.14887224,0.03942862,205.02107,208.34865,213.1637,39.59626,38.854237,37.725266,107.44621,11.222069,213.34692,20.33724,7.01788,37.694904,0.35902187,0.042237867,0.08410522,0.061133754,0.045201927,0.051500555,0.07373101,0.2830678,9.058407,0.39379087,0.20684092,0.20548211,6.605504,191.50577,102.45727,100351.15,0.3123379,1.7531697,0.17425689,0.115519196,0.99999994,0.43973377,453.92487,73.01274,0.008467177,0.30415082,425.11398,70.38208,0.15052265,0.11307418,0.10640501,0.10411431,0.105058596,0.09594445,0.09339617,0.09587167,0.13561298,1.1297593,0.15052265,3.1511784,104.0,0.03942862,0.01623171,2.0980392,0.090173796,139.35724,0.29170084,0.07066315,0.052566655,0.07189669,0.07131093,0.047591154,0.07955979,0.3147108,7.158871,0.44912416,0.14276147,0.527271,166.13986,130.1973,69353.64,0.32809368,118.719765,32.421192,254.0,186.0,226.0,0.014217235,0.28185222,0.076334395,0.05057535,0.075336196,0.06735062,0.049078055,0.08495772,0.31451547,2.444091,0.6663182,0.32897773,0.68282884,133.38097,37.333508,255.0,237.0,253.0,0.06600952,0.2794342,0.08018494,0.049209595,0.06919861,0.072052,0.050720215,0.079696655,0.31950378,4.5624,0.5916289,0.2614699,0.58042264,0
140.40198,122.62037,106.9801,43.198853,33.708206,38.100937,1.1450135,1.312412,1.1461979,17.781609,33.421875,33.421875,2779.6455,21161.057,13909.933,0.05028254,0.09596882,39.00286,59.17988,141.48112,58.802387,42.860336,126.15708,33.76438,241.0,184.0,215.0,0.001653282,0.14055201,0.11707228,0.0040962035,0.074408926,0.025258563,0.008172008,0.010766814,0.10933273,0.059345994,0.018951062,0.0016972318,0.013618654,0.099879645,0.018583871,0.06744456,0.23081945,0.5598148,0.86070293,0.28491098,0.9375387,7.0296516,37.230484,52.771988,3594.727,0.049925543,0.09273409,215.69312,186.80621,152.34933,28.922878,22.247204,47.03724,24.869684,67.777954,216.10797,19.379023,68.523575,28.691893,0.27087298,0.058338616,0.030384697,0.12248996,0.051891778,0.01004016,0.104998946,0.35098287,0.22175688,0.90405715,0.44726264,0.91550606,5.597637,21.138176,27.435577,773.64624,0.017808074,1.5179101,1.1452872,-1.4320145,0.99999994,0.060926788,306.75912,75.86182,0.024405349,0.4702661,375.705,62.57164,0.16527334,0.10454741,0.09435279,0.09176532,0.0947999,0.093576014,0.09801795,0.10921706,0.14845024,1.2207499,0.16527334,3.1353035,55.0,0.09273409,0.039122257,1.8536586,0.5141357,24.441738,0.2670529,0.08051651,0.035372596,0.11683564,0.08028396,0.017445585,0.116419494,0.28607333,1.4273229,0.75795394,0.19031243,0.9237454,72.38454,84.89409,10566.65,0.11827584,126.25439,33.084724,238.0,184.0,215.0,0.0015757241,0.26251537,0.09070053,0.036788203,0.120344125,0.09112659,0.01922163,0.116870135,0.26243344,0.6133834,0.8252888,0.26864755,0.9289159,121.84303,33.82973,241.0,181.0,204.0,0.003326416,0.26065063,0.08708191,0.033050537,0.12968445,0.073638916,0.015075684,0.11427307,0.2865448,0.36330914,0.86789125,0.29506323,0.96028334,1
103.794044,127.00464,131.7149,41.270374,36.665657,36.855118,0.8172461,0.7880205,0.96423894,-23.210594,-27.92086,27.92086,2896.7935,2147.929,1758.4241,-0.07371232,-0.09059391,96.04822,61.73573,131.77336,33.315456,36.871765,120.59869,37.829643,255.0,208.0,252.0,0.04303507,0.2165959,0.06829023,0.016364338,0.05730606,0.038772676,0.012049402,0.018780394,0.054040913,0.053022,0.019590892,0.01087611,0.03824006,0.058695484,0.018124277,0.07422617,0.24502508,3.789006,0.63079935,0.2836979,0.64672935,6.571219,103.93965,111.49875,37111.9,0.16613662,0.033789255,211.0208,213.72885,218.5181,37.099205,36.60568,35.496567,109.54817,10.154907,218.71754,19.86445,6.474507,35.416046,0.37486964,0.040145986,0.09176225,0.065172054,0.03388947,0.047966633,0.07194995,0.274244,8.083712,0.4155702,0.23118784,0.17786607,6.4734855,176.13951,96.58474,89868.09,0.29092804,1.7700925,0.16448995,-0.09773374,0.49999997,0.0010409302,312.19684,51.555084,0.0047198916,0.220743,259.5885,46.83661,0.14969228,0.11149804,0.10545852,0.10679493,0.103514515,0.09658854,0.09457699,0.09376958,0.13810657,1.1300191,0.14969228,3.1507459,85.0,0.033789255,0.015702605,2.1399999,0.057594918,218.18541,0.29251254,0.07065226,0.05222694,0.07346199,0.07126206,0.049000386,0.07823234,0.3126515,7.7661877,0.43432626,0.13490355,0.5192594,175.21886,133.62466,75336.805,0.33833268,120.6911,33.205,254.0,189.0,230.0,0.01698955,0.28432804,0.08049016,0.04823811,0.07647809,0.06630796,0.050912824,0.07840637,0.31483844,2.7339964,0.64573866,0.30669257,0.6614248,134.06934,42.640133,255.0,242.0,253.0,0.0755989,0.2773586,0.07966682,0.048654545,0.070984,0.072090484,0.0528807,0.080296904,0.31806797,5.39791,0.57059556,0.23726155,0.60320467,0
103.263245,126.2246,130.57327,42.340412,41.60331,42.24796,0.8180913,0.79084516,0.96669555,-22.961357,-27.310028,27.310028,15309.328,14648.3,15569.667,-0.06955059,-0.08512204,94.5424,67.226845,130.66382,48.365875,42.215794,119.85107,41.607674,255.0,190.0,251.0,0.03345803,0.21795282,0.07076646,0.018109985,0.053005718,0.03940686,0.011779857,0.01977619,0.051899765,0.046304516,0.021165907,0.009647987,0.035710648,0.05581426,0.020059954,0.073051125,0.25554797,2.8371954,0.6655387,0.29313758,0.7594652,6.440283,86.88424,100.74733,27765.229,0.1371964,0.043035552,204.51765,207.71602,212.83888,38.287777,37.264458,36.27468,109.977615,11.584477,213.05261,19.192259,6.844328,36.23203,0.36513877,0.04147178,0.07982538,0.06329903,0.04271905,0.046460867,0.062675394,0.29840973,8.20479,0.39214727,0.19208112,0.2156928,6.644416,181.11768,95.14325,84645.89,0.3152479,1.7300161,0.17231922,0.20413308,0.99999994,0.45757174,2242.628,135.228,0.005801936,0.25807357,2574.102,140.00572,0.1481867,0.10884891,0.10559353,0.11220524,0.1090625,0.10018481,0.0918413,0.08693462,0.13714242,1.106136,0.1481867,3.150025,82.0,0.043035552,0.017193126,1.8441558,0.04092941,307.02545,0.2960753,0.06898383,0.052547332,0.07113753,0.066058874,0.046078958,0.07618708,0.32293108,6.9068427,0.46497163,0.14602284,0.5794372,159.19745,127.10581,67707.07,0.32100293,119.94272,38.1706,254.0,185.0,227.0,0.014961051,0.28440475,0.07562581,0.049330123,0.08056176,0.06795745,0.04263133,0.08200141,0.31748736,1.8969629,0.6903021,0.32172966,0.7977048,140.12315,35.628258,255.0,237.0,253.0,0.06776428,0.2836914,0.07788086,0.049301147,0.06614685,0.0717926,0.051193237,0.07685852,0.32313538,4.187545,0.5850284,0.2616571,0.5755659,0
132.7935,73.34389,33.592327,92.30312,66.92355,45.468796,1.8105599,3.9530902,2.1833522,59.449615,99.20117,99.20117,334886.6,2.5643712e+06,787516.2,0.3776359,0.5451485,13.677622,211.02087,132.80975,46.85047,92.31222,86.56906,70.03757,255.0,215.0,254.0,0.044578113,0.06365276,0.109230116,0.0009118154,0.04557736,0.017887672,0.006349185,0.005263052,0.12332974,0.02327811,0.008803041,0.00044249865,0.004512145,0.086796775,0.014944386,0.07145683,0.4175645,0.29384083,0.945461,0.29237515,0.9920594,7.4626102,19.212925,48.694813,1695.3739,0.012711779,0.09994382,253.84451,216.63115,137.49756,4.0241127,31.964931,64.28978,26.767328,117.14094,253.94968,23.564957,64.04086,4.0173955,0.12771189,0.03420596,0.025527915,0.115128726,0.04519815,0.005568412,0.16951114,0.47714782,0.30590937,0.9152668,0.41112423,0.93218285,6.0645323,27.021103,35.524433,1163.5588,0.015692797,2.527005,0.5551154,-1.3980778,0.93749994,0.3870532,2766.6023,162.73032,0.327476,2.009641,5753.887,230.98543,0.08041174,0.084612176,0.123063594,0.17275211,0.21965419,0.107151106,0.085115895,0.06737564,0.059863564,0.685027,0.21965419,3.0369716,5.0,0.09994382,0.09874079,2.6031747,0.17567787,71.530754,0.22917406,0.06215765,0.02972116,0.10708467,0.05977084,0.01312746,0.09990413,0.39906,0.3694208,0.9057417,0.2500846,0.9884794,29.348063,48.6861,1881.2678,0.020073347,86.716965,69.88148,255.0,215.0,254.0,0.04387496,0.18139888,0.061289273,0.02002279,0.13478756,0.034700744,0.0038797548,0.10179608,0.4621249,0.45510617,0.9134409,0.27876356,0.9876522,108.6156,69.48699,255.0,231.0,254.0,0.06390386,0.1954253,0.057542745,0.025455711,0.14624047,0.030604918,0.0062187724,0.087337844,0.45117423,0.34600705,0.93459445,0.26720077,0.99056846,1
125.26378,120.0998,95.36333,46.925785,42.120537,53.060352,1.0429974,1.3135425,1.2593919,5.1639786,29.900452,29.900452,12724.416,146262.48,162698.05,0.01254195,0.10199338,40.650383,80.79674,128.18683,70.128716,46.405487,118.82477,43.173077,237.0,185.0,214.0,0.0010530044,0.18671207,0.10549861,0.008672555,0.06757303,0.031984102,0.0104250405,0.0150933415,0.08131831,0.056953274,0.021758776,0.004633351,0.022377888,0.08007509,0.020061212,0.06403311,0.22283024,1.2711484,0.74455774,0.2109496,0.9055254,7.220925,62.72681,70.64922,11304.123,0.12907478,0.09498876,195.17604,191.9361,180.93118,22.149832,16.249912,29.608341,47.602196,24.397038,199.03842,30.891094,40.01115,20.876503,0.28561142,0.055022202,0.038341533,0.110104404,0.052802112,0.010680427,0.12612504,0.32131284,0.17336856,0.92369705,0.51490057,0.9106792,5.37249,16.06828,20.719275,568.7661,0.0067802714,1.6129261,0.30195573,-1.8484346,0.99999994,0.2139615,773.4997,89.90047,0.010868864,0.4051476,741.9739,86.65121,0.13001849,0.10029848,0.08950586,0.0932274,0.15530758,0.096677385,0.09551049,0.10979487,0.1296594,1.0125306,0.15530758,3.1450183,25.0,0.09498876,0.047584154,2.2201834,0.17267746,72.77366,0.29195106,0.07856226,0.042753648,0.097849585,0.078552276,0.02935288,0.09467913,0.28629917,4.1003428,0.6007602,0.1385947,0.81493056,123.11705,116.653984,39276.664,0.2289215,118.76454,42.466244,233.0,185.0,214.0,0.000910888,0.29155222,0.08778649,0.045437228,0.09769204,0.09304004,0.030017445,0.10462995,0.2498446,1.3076756,0.74038446,0.21335171,0.8962114,121.134415,30.87941,237.0,175.0,194.0,0.00093078613,0.28089905,0.090789795,0.044662476,0.11042786,0.07803345,0.030044556,0.096832275,0.26831055,0.99089444,0.74475545,0.237129,0.869707,1
105.60137,130.14346,134.51265,37.54028,33.96554,34.319645,0.81142277,0.7850665,0.9675184,-24.542091,-28.911278,28.911278,5579.113,4331.124,4563.1797,-0.07298048,-0.08676972,95.165306,61.688652,134.58347,32.751778,34.338066,123.3014,34.80811,255.0,188.0,251.0,0.032399293,0.22049734,0.072048,0.016915016,0.05373494,0.039166152,0.012118737,0.020167904,0.051596336,0.046793137,0.02114377,0.009890163,0.036778394,0.0557628,0.020437825,0.07402742,0.24892205,2.743158,0.66637677,0.3078536,0.6879522,6.392072,83.523506,96.33232,25881.77,0.12871054,0.04399921,203.27635,206.48885,211.67033,38.680897,37.678234,36.686394,110.298355,11.777433,211.88004,18.180548,6.9537973,36.65262,0.35947523,0.04431487,0.076093294,0.06268222,0.0425656,0.05102041,0.06559767,0.29825073,8.4201355,0.3891999,0.18828823,0.21415725,6.6757784,182.90033,95.22676,86516.21,0.32069972,1.671745,0.19091734,0.28370625,0.99999994,0.4406186,500.75952,71.771736,0.0071500493,0.30370367,475.1922,69.68237,0.14391488,0.11109833,0.106997326,0.11396861,0.11003336,0.101163365,0.09386347,0.08950336,0.12945732,1.0817356,0.14391488,3.1553433,73.0,0.04399921,0.025334325,1.8441558,0.039936315,314.66025,0.29936257,0.06800612,0.052586045,0.07107214,0.066974886,0.047422953,0.07665049,0.3179248,6.626601,0.46579793,0.15370512,0.49812818,153.45494,123.24203,63582.176,0.31450582,123.4037,31.643892,254.0,184.0,227.0,0.014754814,0.2893726,0.077186435,0.048822578,0.07598954,0.06844625,0.041780327,0.079830766,0.3185715,2.1147017,0.6988841,0.33856878,0.7032878,138.24442,34.299522,255.0,231.0,252.0,0.05984497,0.28341675,0.07814026,0.049560547,0.06628418,0.07133484,0.052215576,0.077438354,0.3216095,3.912302,0.59891766,0.27404025,0.5719941,0
61.587803,42.217533,49.3968,47.54027,30.75942,27.712244,1.4588205,1.2467973,0.8546613,19.37027,12.191002,19.37027,327900.97,57864.043,11101.008,0.14378774,0.032255664,119.53924,118.14633,67.583466,58.39897,46.194344,48.844078,34.01694,253.0,102.0,173.0,0.00090508093,0.256318,0.06315315,0.019858873,0.035496794,0.0441535,0.015766805,0.020943645,0.032618385,0.03474497,0.0220499,0.01490758,0.0460438,0.03472349,0.018333744,0.06295982,0.27792755,2.6359549,0.5350881,0.18861346,0.7012698,6.848946,78.750916,51.393303,25751.26,0.19112419,0.034257833,222.64561,126.83419,82.80079,33.914936,40.80188,32.652657,10.717279,161.38748,222.64926,14.016235,31.44338,33.90202,0.2672621,0.05118516,0.06698729,0.07317073,0.061490897,0.045345243,0.08553761,0.34902096,1.6264918,0.631101,0.18382587,0.8404743,7.1395364,60.253838,38.901608,12591.955,0.10305737,3.0804904,1.3659965,0.29059008,0.49999997,0.0042875838,140.0234,33.8201,0.08439073,0.9691645,309.11237,54.889965,0.105430745,0.1043988,0.1094856,0.115689985,0.13704029,0.11849963,0.104880884,0.103188954,0.10138511,0.9238692,0.13704029,3.1635475,2.0,0.034257833,0.034039367,1.382353,0.38430333,32.699093,0.3233699,0.053712394,0.06034992,0.05293909,0.05548455,0.06174616,0.051714692,0.3406833,11.959935,0.32249114,0.09986885,0.43254328,170.04721,99.220985,121434.41,0.35574123,48.97569,30.404202,250.0,89.0,172.8,0.0008326048,0.33032146,0.057471763,0.06403128,0.05781929,0.055430062,0.05369244,0.061989576,0.31924415,0.97879046,0.6987021,0.2517161,0.8634683,57.89716,39.335754,253.0,127.0,191.0,0.0018075292,0.31900248,0.05557938,0.060682733,0.054271378,0.057230465,0.058088172,0.0552363,0.33990908,2.758823,0.5324323,0.17923672,0.7658083,1
52.686234,27.137676,9.823073,71.074,37.689327,11.61467,1.9414423,5.3635178,2.762646,25.548557,42.86316,42.86316,95523.88,1.2605236e+06,593622.0,0.13732459,0.121998,55.160515,194.62778,54.335438,50.604588,69.91336,32.75864,43.95191,244.0,132.0,172.0,0.0005858759,0.021620244,0.051213413,1.2335628e-05,0.011940888,0.0028700894,0.00064967637,0.00038651633,0.06998824,0.005777186,0.0013363597,0.0,0.00023437693,0.0598648,0.0069778534,0.034404065,0.73272395,0.037354324,0.9831978,0.6181807,0.9974382,5.628512,6.173706,16.15107,24.522028,0.0009786264,0.100250326,212.18407,118.59459,27.701664,26.164402,29.568546,27.01849,14.7278595,222.0007,212.18407,2.1583369,30.735085,26.164402,0.12624584,0.017037226,0.00528154,0.079223104,0.03266888,0.00055370986,0.14085527,0.5981344,0.12022984,0.94845665,0.38889793,0.97867024,6.421147,16.125595,24.947466,95.32156,0.0027259563,4.1576233,1.1406424,0.79263496,0.99999994,0.11942564,1282.3147,122.38634,0.39592642,1.8015664,3315.0825,184.74257,0.096681766,0.0744419,0.11547925,0.15779735,0.2543102,0.12163283,0.067098975,0.05544922,0.057108555,0.66002715,0.2543102,2.9856522,3.0,0.100250326,0.09954973,1.858156,0.47591764,26.404507,0.12340973,0.024190167,0.0083758915,0.07017327,0.023750195,0.002158735,0.07988553,0.6680565,0.07502932,0.965431,0.46850392,0.99627304,10.906237,20.025805,84.01656,0.0021299517,32.8025,43.96667,239.0,132.0,172.0,0.00060547545,0.08980083,0.018731158,0.0057659675,0.08268397,0.011087132,0.0007578129,0.07709923,0.7140739,0.08711606,0.9694682,0.61331016,0.9940418,74.621475,53.97685,244.0,167.0,192.0,0.0021820068,0.12385559,0.032348633,0.006011963,0.11727905,0.014572144,0.0005493164,0.08590698,0.6194763,0.102129616,0.9558846,0.2917614,0.9954421,1
101.39854,126.16719,130.69728,39.277153,34.105232,34.2731,0.8036839,0.7758274,0.96533906,-24.768654,-29.298744,29.298744,2050.7083,1840.9515,1144.3171,-0.077135,-0.0939159,95.6522,63.93284,130.75061,31.195873,34.29267,119.27052,35.429707,255.0,197.0,251.0,0.038069144,0.21727656,0.06895893,0.01646231,0.056874752,0.038264297,0.011559078,0.01940834,0.053035367,0.052114733,0.020124389,0.010590706,0.037589166,0.059684392,0.019183295,0.07440091,0.24447279,3.4024374,0.6489338,0.3067089,0.64048463,6.465398,96.06575,107.03764,32927.23,0.14697418,0.038346525,205.67007,208.9603,213.69443,39.307854,38.607178,37.44312,107.98906,11.038815,213.86662,19.80729,6.958155,37.42272,0.3656437,0.043787424,0.079341315,0.05726048,0.041167665,0.05202096,0.0741018,0.28667665,9.044303,0.39174503,0.20666465,0.19273575,6.583721,190.16318,102.79313,99221.836,0.30538923,1.7483428,0.17266266,0.118323505,0.99999994,0.43616182,392.35562,64.47327,0.008655116,0.30796593,346.2253,60.58432,0.14779486,0.11491162,0.1058813,0.105468094,0.10466801,0.09745845,0.09248114,0.09455504,0.13678145,1.1257267,0.14779486,3.1517475,108.0,0.038346525,0.016088221,1.9411764,0.087398395,143.78262,0.29330733,0.070752464,0.051214557,0.07219138,0.07101161,0.048145775,0.0803748,0.31300208,7.147779,0.44832298,0.14430435,0.5068892,165.84277,129.93129,68746.484,0.3282778,119.67072,30.22724,254.0,186.0,226.0,0.013888136,0.28450766,0.07841087,0.050485596,0.07439403,0.066938125,0.048669767,0.08135472,0.31523922,2.3743513,0.66876405,0.33569777,0.6579452,132.99124,37.124405,255.0,236.0,253.0,0.06500244,0.2796631,0.08039856,0.048706055,0.068618774,0.07237244,0.05279541,0.07925415,0.31819153,4.502636,0.59536046,0.26533887,0.58191216,0
127.52183,118.66763,109.55804,49.44485,47.463047,49.74359,1.0746133,1.163966,1.0831486,8.854195,17.96379,17.96379,40137.7,56857.688,17389.736,0.033359524,0.064760685,51.729652,54.766384,129.61546,55.794266,49.7803,120.27167,47.567257,255.0,172.0,232.54,0.012752267,0.20831352,0.0958162,0.009240352,0.049707685,0.04307813,0.01643869,0.017790707,0.06568948,0.0392645,0.022769868,0.0053614555,0.029222263,0.05695264,0.02371162,0.059712626,0.25693026,1.0039662,0.8304849,0.2893494,0.9389784,7.1021714,44.82198,76.86657,8513.175,0.053157665,0.08382514,191.81499,185.04291,170.26414,34.96647,26.527313,23.776054,56.94609,34.496174,196.19763,43.837494,38.59494,31.794106,0.24267276,0.047458995,0.0639957,0.11037914,0.050282333,0.022183383,0.109438024,0.35358968,0.39649335,0.9106453,0.61838096,0.93043536,4.9287624,26.96977,44.90822,2889.8472,0.035627857,1.5411893,0.6298786,-2.1734087,0.68749994,0.42282644,1440.8564,113.311295,0.006673978,0.24519044,1409.8712,108.95955,0.09708916,0.071760714,0.08049073,0.09880015,0.25525364,0.10985747,0.101968125,0.08978723,0.094992794,0.7559796,0.25525364,3.0454845,16.0,0.08382514,0.023317397,1.1511627,0.16251422,77.32474,0.30403647,0.060952753,0.05635589,0.07888333,0.06455192,0.03891018,0.07851035,0.3177991,2.1296208,0.6989567,0.19510417,0.8958102,80.05231,97.981445,18554.713,0.1375423,120.33992,46.98801,255.0,172.0,227.27,0.011888416,0.33402365,0.0618646,0.045334738,0.09545147,0.06819037,0.022742676,0.08607576,0.28631675,1.13552,0.82170045,0.29081604,0.92801195,128.98978,40.227005,255.0,171.0,245.0,0.01673717,0.29620185,0.057342853,0.06270474,0.08497126,0.06361642,0.03547809,0.08266889,0.3170159,0.837328,0.8294914,0.31088054,0.9324051,1
42.921143,27.379995,24.17585,44.287983,27.330334,26.338581,1.5676095,1.7753726,1.1325349,15.541147,18.745293,18.745293,556371.2,5.7564865e+06,1.3519376e+06,0.2126225,0.23326817,46.779114,134.44734,47.337353,86.964165,44.185757,31.672026,29.02817,253.0,83.0,137.0,0.0014427294,0.22471194,0.08592569,0.014929545,0.033536877,0.042753186,0.016685449,0.021306707,0.042255245,0.029736789,0.019795407,0.008709629,0.033213653,0.042543527,0.02295778,0.07435071,0.28658786,0.513854,0.8420036,0.37146106,0.9208843,6.4019957,31.353975,46.34504,4019.833,0.028487565,0.07625153,146.95905,89.67491,52.57783,70.766945,37.50167,49.777344,49.37207,137.50871,151.65738,43.250103,107.56371,65.83185,0.19977939,0.043510236,0.03701434,0.07574458,0.06777792,0.029537933,0.10589533,0.4407403,0.83450717,0.82065314,0.31438002,0.9191452,6.7624116,41.762047,62.20951,4324.273,0.030395882,3.2387552,1.02277,0.36041567,0.74999994,0.36968374,107.87649,36.760666,1.1008459,2.9223979,322.22934,64.2157,0.0761279,0.06701249,0.08925711,0.1633704,0.2456715,0.14047267,0.08419962,0.06795618,0.065932125,0.63935786,0.2456715,3.0004728,12.0,0.07625153,0.03767491,2.338983,0.35997605,34.90891,0.3237239,0.05065912,0.057988487,0.061893404,0.051820986,0.044727486,0.06218169,0.34700492,1.8301299,0.6440015,0.1979885,0.8473784,68.00381,73.31237,17718.408,0.074542895,31.756636,28.422155,248.0,81.0,136.0,0.0010814707,0.28384033,0.045507297,0.054686125,0.0725866,0.04427642,0.030807104,0.07272727,0.39556885,0.476623,0.88238114,0.39704147,0.924013,33.084507,37.53198,252.0,118.0,161.0,0.0034030697,0.33490714,0.046752173,0.047019884,0.057898708,0.047117233,0.035362262,0.059724014,0.37121856,0.8088442,0.8158669,0.41195595,0.9260163,1
123.334274,76.856865,39.61324,111.06388,82.04843,55.509792,1.6047268,3.1134608,1.9401813,46.47741,83.72104,83.72104,674393.94,3.3706472e+06,907133.5,0.38995284,0.5316838,17.939405,206.22813,123.38521,60.484814,111.04704,86.47532,85.61364,255.0,238.0,254.0,0.0714247,0.08467834,0.14111154,0.0018271793,0.053806625,0.013532546,0.006376094,0.0051389416,0.097126,0.032546632,0.00995432,0.00059002667,0.005995432,0.08597259,0.013722878,0.0586791,0.38894176,0.81443244,0.91970986,0.40899166,0.9850706,6.6702757,34.000404,81.43194,5676.2407,0.026494099,0.09830148,254.07657,238.05931,168.92912,2.8322246,17.794857,61.93882,31.993206,85.7993,254.24146,26.631378,61.615643,2.799175,0.14160456,0.024769837,0.032003507,0.115300305,0.040113986,0.0072336695,0.19114423,0.4478299,0.20935304,0.92639077,0.55938965,0.8799618,5.328058,25.114607,26.495872,552.17755,0.012275318,2.717466,0.41604072,-1.3422176,0.43749997,0.14504497,3862.5251,154.56567,3.4592464,5.6185074,7726.0938,224.78969,0.066126645,0.0736971,0.10915775,0.18374375,0.2964327,0.09366421,0.068957105,0.05701979,0.05120103,0.57398874,0.2964327,2.895529,3.0,0.09830148,0.09129799,2.6944444,0.21268085,59.08558,0.25289303,0.06037305,0.021050628,0.09541302,0.05805101,0.009516559,0.095317855,0.40738484,0.91928625,0.87114733,0.3352258,0.9813407,47.15728,80.85976,5828.2007,0.04665017,86.493546,85.4036,255.0,236.0,254.0,0.06968189,0.27129903,0.06424887,0.015866812,0.09785837,0.046115365,0.006096608,0.102313586,0.39620134,1.2268287,0.87264764,0.3935799,0.97745353,68.127304,81.32191,255.0,219.0,254.0,0.048486702,0.22257417,0.07043119,0.019943113,0.12563838,0.028088436,0.0063029286,0.06225354,0.46476826,0.82139784,0.9246586,0.47476703,0.98343694,1
100.96532,125.382935,129.8998,40.242306,35.85158,36.09233,0.80525565,0.7772554,0.9652281,-24.417618,-28.934479,28.934479,4228.9214,2240.7808,2472.476,-0.07650677,-0.0944308,95.55245,64.39957,129.95459,33.735928,36.10557,118.58995,36.93006,255.0,198.0,251.0,0.038250733,0.21699251,0.06764477,0.016911192,0.056267273,0.039156232,0.011866778,0.01938516,0.05289744,0.052559763,0.019839985,0.010247328,0.037488542,0.05896176,0.019268008,0.074205264,0.246308,3.426926,0.6485794,0.30184203,0.6612008,6.489985,96.681725,107.92901,33568.92,0.14887224,0.03942862,205.02107,208.34865,213.1637,39.59626,38.854237,37.725266,107.44621,11.222069,213.34692,20.33724,7.01788,37.694904,0.35902187,0.042237867,0.08410522,0.061133754,0.045201927,0.051500555,0.07373101,0.2830678,9.058407,0.39379087,0.20684092,0.20548211,6.605504,191.50577,102.45727,100351.15,0.3123379,1.7531697,0.17425689,0.115519196,0.99999994,0.43973377,453.92487,73.01274,0.008467177,0.30415082,425.11398,70.38208,0.15052265,0.11307418,0.10640501,0.10411431,0.105058596,0.09594445,0.09339617,0.09587167,0.13561298,1.1297593,0.15052265,3.1511784,104.0,0.03942862,0.01623171,2.0980392,0.090173796,139.35724,0.29170084,0.07066315,0.052566655,0.07189669,0.07131093,0.047591154,0.07955979,0.3147108,7.158871,0.44912416,0.14276147,0.527271,166.13986,130.1973,69353.64,0.32809368,118.719765,32.421192,254.0,186.0,226.0,0.014217235,0.28185222,0.076334395,0.05057535,0.075336196,0.06735062,0.049078055,0.08495772,0.31451547,2.444091,0.6663182,0.32897773,0.68282884,133.38097,37.333508,255.0,237.0,253.0,0.06600952,0.2794342,0.08018494,0.049209595,0.06919861,0.072052,0.050720215,0.079696655,0.31950378,4.5624,0.5916289,0.2614699,0.58042264,0
114.52195,133.91393,137.58379,41.39636,41.300392,41.694008,0.85519075,0.8323797,0.9733263,-19.391975,-23.061836,23.061836,20165.758,14241.967,16667.49,-0.053679816,-0.06433371,94.11866,56.162945,137.67992,49.750805,41.65962,128.50313,41.127163,255.0,182.0,245.0,0.024114132,0.21496901,0.08270799,0.016685154,0.05634584,0.033252854,0.010753671,0.019504078,0.049298532,0.04387602,0.020417618,0.008665579,0.03179119,0.05516476,0.018969005,0.080332786,0.2572659,2.2810588,0.6676722,0.25300482,0.8019598,6.5779705,82.702034,87.24014,21551.99,0.1573964,0.028818864,204.15488,208.07843,210.14848,33.30634,31.920292,31.662199,98.44812,8.779246,210.6096,28.230873,6.6667237,31.719532,0.36412078,0.05565423,0.07637656,0.0562463,0.04381291,0.04499704,0.05743043,0.30136174,6.32799,0.41707426,0.18148944,0.19763714,6.5794845,146.28816,79.588615,62517.297,0.2741267,1.61185,0.15631741,0.0015136568,0.99999994,0.39939287,850.92065,93.1758,0.0050929533,0.23973185,879.1669,92.24063,0.13105808,0.104264855,0.121193975,0.12567067,0.12051296,0.10582632,0.090814896,0.0839954,0.11666287,1.005149,0.13105808,3.1562016,122.0,0.028818864,0.0029206164,1.137931,0.3116858,40.31743,0.30480912,0.07184339,0.04569005,0.06929201,0.062440455,0.04131158,0.07250245,0.33211094,6.4682803,0.46076325,0.13521443,0.62550455,162.9913,120.12391,61383.523,0.32873082,128.67548,38.195644,254.0,181.0,217.0,0.008790874,0.30065548,0.074562564,0.041946396,0.070016384,0.065575935,0.038087435,0.08151398,0.32764181,1.5978351,0.679817,0.26552448,0.82323533,148.95703,27.663544,255.0,213.0,251.0,0.043823242,0.29501343,0.07788086,0.04798889,0.06665039,0.06790161,0.04676819,0.07307434,0.3247223,2.705487,0.6162534,0.2587155,0.5553268,0
127.77064,145.16977,148.79488,39.524895,36.663624,36.523945,0.8801463,0.8587032,0.9756369,-17.399132,-21.024239,21.024239,6005.0186,4185.891,6083.2417,-0.046784088,-0.06033855,95.49177,43.58857,148.92996,35.98482,36.599937,140.34924,37.301598,255.0,208.0,250.0,0.04002589,0.21624358,0.08858232,0.0146722775,0.058383673,0.031437363,0.0108147245,0.019559266,0.055515964,0.048298605,0.020735763,0.007839544,0.029525556,0.05523315,0.017800177,0.08258105,0.24277699,2.4909713,0.6467392,0.23995608,0.7513241,6.745151,94.317635,92.31466,23313.53,0.18719316,0.036041718,217.13733,219.20576,220.9373,28.902378,28.298378,28.156343,97.32203,6.426072,221.71745,35.268364,6.4097996,28.012247,0.37760416,0.04985119,0.0844494,0.0703125,0.043526787,0.04129464,0.07403274,0.25892857,4.759177,0.4656328,0.2313677,0.20536134,6.41388,134.12262,79.50554,48488.37,0.25037202,1.5587395,0.14742562,-0.3312712,0.99999994,0.31637827,321.7365,56.321136,0.003189779,0.17869562,264.19855,52.180855,0.12149307,0.09603826,0.10395751,0.11276852,0.1265248,0.119911134,0.11216865,0.094175875,0.112962164,0.97608465,0.1265248,3.1633825,125.0,0.036041718,0.0020813686,1.9999999,0.20972538,59.918217,0.30879092,0.07220186,0.043779273,0.07598588,0.06639856,0.037506506,0.0726883,0.3226487,6.5389366,0.44826216,0.121063955,0.6228351,177.03577,124.64275,61046.074,0.34394443,140.39668,34.520164,255.0,199.0,230.0,0.020233793,0.31132117,0.069081485,0.041039858,0.07244467,0.06944507,0.036722265,0.07264918,0.3272963,2.1724014,0.6426889,0.2432051,0.7400982,150.57489,27.309895,255.0,214.0,250.0,0.044204712,0.3028717,0.07019043,0.04576111,0.076538086,0.07206726,0.04020691,0.069488525,0.32287598,2.4154983,0.6362317,0.28870398,0.592171,0
142.61896,97.51064,68.35906,79.44048,61.335083,41.621918,1.4625989,2.086321,1.4264479,45.108315,74.259895,74.259895,57854.746,59921.56,2864.2769,0.15853505,0.23126021,29.860857,130.68655,143.7467,41.48953,78.55646,107.683495,63.066902,255.0,220.0,253.0,0.05001751,0.19307601,0.07125077,0.010010364,0.03974026,0.051035143,0.016920174,0.019444913,0.055739127,0.03188257,0.0195335,0.006156817,0.032901324,0.056438968,0.023387047,0.07079011,0.3016929,0.55431527,0.87286747,0.21409702,0.9819132,7.8083553,28.746634,55.53775,4022.2993,0.026753364,0.09657678,252.49425,222.41982,149.8312,5.9196672,26.44892,47.853195,23.594234,104.073975,252.6624,13.358048,47.269997,5.942101,0.13858436,0.03640234,0.040872805,0.114741884,0.050878126,0.015220862,0.109419905,0.49387974,0.39750102,0.8985484,0.4387255,0.87331945,5.8972797,29.031958,39.94695,2281.7393,0.029483767,2.0724733,0.7963633,-1.9110755,0.49999997,0.0023739068,1284.0149,117.172226,0.025032677,0.4508084,2368.1716,157.01785,0.11684746,0.091371395,0.088971816,0.093327835,0.22040218,0.10298544,0.09468094,0.0909551,0.10045784,0.8428373,0.22040218,3.095457,9.0,0.09657678,0.048030116,1.7887324,0.3440663,36.52311,0.288582,0.055685975,0.064500414,0.07127734,0.05936235,0.048926763,0.072473265,0.3391919,0.9881576,0.766784,0.18224208,0.9606083,45.11334,64.06704,7965.633,0.032706432,107.822975,62.797367,255.0,218.0,253.0,0.04798599,0.2566074,0.056256928,0.037588067,0.0872644,0.052108295,0.017023712,0.0994242,0.39372697,0.61544245,0.8802834,0.22471038,0.979699,126.03632,61.918396,255.0,234.0,254.0,0.06983255,0.25528938,0.05270799,0.06575663,0.08501974,0.046812203,0.036153752,0.07730033,0.38095996,0.6232372,0.87669057,0.21447827,0.9787294,1
119.019455,114.703926,107.777985,81.63623,81.64534,84.18149,1.0376232,1.104302,1.0642612,4.315529,11.24147,11.24147,13392.848,14379.4795,6524.298,0.015739901,0.037249587,57.37855,61.586746,126.1452,55.670727,83.663246,115.200325,81.18723,255.0,254.0,255.0,0.18940382,0.14792803,0.10502728,0.0038553614,0.063124,0.033700775,0.011009353,0.009371636,0.09873622,0.06910422,0.019383512,0.0020877407,0.019643322,0.10550514,0.018585533,0.055946812,0.23699105,0.6005924,0.87568474,0.23155275,0.9879893,7.670113,34.119156,54.91038,4738.1567,0.032758974,0.0874105,253.03058,254.08607,252.9236,3.4546611,2.2826502,5.592879,40.387074,2.8451297,254.43419,45.01138,5.536554,2.060073,0.18695496,0.013140605,0.05459324,0.08517501,0.013319794,0.0080038225,0.095090196,0.5437224,0.013136222,0.9963732,0.9934585,0.10148145,2.2062984,5.313488,9.54074,250.68146,0.00011946004,2.20211,0.04619711,-5.4638147,0.99999994,0.16157945,4765.093,231.06993,0.022983015,0.672882,5145.6055,231.61472,0.13251233,0.096887484,0.083506495,0.085948884,0.14451273,0.10117321,0.106256284,0.118812665,0.13038991,1.040797,0.14451273,3.145787,24.0,0.0874105,0.066040866,1.3630574,0.15798324,79.54243,0.26238263,0.06795828,0.04694633,0.10296274,0.08496177,0.024185317,0.119172886,0.29143006,1.2253674,0.792426,0.18747404,0.9695332,58.356163,68.92376,10535.264,0.079464056,115.28582,80.95117,255.0,254.0,255.0,0.19016978,0.2707859,0.07554601,0.04054508,0.107429534,0.100168005,0.023277953,0.1225126,0.25973493,0.6789036,0.8467854,0.22091283,0.9863409,113.85872,71.78629,255.0,254.0,255.0,0.1400299,0.24604797,0.0521698,0.03678894,0.098861694,0.12510681,0.014434814,0.16688538,0.2597046,0.3437397,0.897614,0.26472658,0.99123555,1
105.25865,132.54996,136.61319,44.07476,42.741882,43.171368,0.7941055,0.7704867,0.9702574,-27.291306,-31.354538,31.354538,12723.48,15921.712,14853.49,-0.07811912,-0.09477889,93.10269,72.44754,136.70367,48.216927,43.139095,124.841415,42.812283,255.0,203.0,253.0,0.040719785,0.22178666,0.07592893,0.01675673,0.049361076,0.038117196,0.012640276,0.02016044,0.052975703,0.04478643,0.02152047,0.009236565,0.033200726,0.055957586,0.019694975,0.06991425,0.257962,2.1241686,0.70056033,0.33819982,0.8280952,6.35244,75.733025,93.96558,20418.387,0.10211859,0.06539908,211.68047,215.07545,217.75752,36.747906,35.104736,34.313652,99.08566,8.369626,217.96518,32.8469,7.2784405,34.284378,0.3690476,0.046190478,0.07904762,0.06825397,0.042698413,0.03809524,0.076349206,0.28031746,6.0059786,0.46287426,0.24998377,0.32634854,6.422873,166.28232,95.787,59001.355,0.32809523,1.7170736,0.115526706,0.070432924,0.99999994,0.45736045,2427.1455,137.22368,0.00848279,0.2876997,2813.2144,142.32841,0.14763728,0.0981268,0.10270762,0.11147514,0.114274435,0.10924563,0.096711755,0.087314576,0.13250677,1.0774715,0.14763728,3.1522064,60.0,0.06539908,0.04514111,2.2307692,0.12046729,104.31355,0.30249387,0.06605235,0.051252026,0.07347797,0.06469232,0.043164577,0.07432889,0.324538,5.5189877,0.48577088,0.15768547,0.6488532,143.17703,115.66767,52946.523,0.30677032,124.70215,40.54943,255.0,198.0,243.0,0.029911052,0.28851566,0.071755186,0.047572985,0.080167666,0.07571228,0.03634658,0.08567827,0.31425136,1.6240528,0.73103505,0.37913036,0.8478265,145.5051,36.12738,255.0,246.0,254.0,0.080581665,0.2967987,0.07287598,0.049484253,0.069885254,0.069381714,0.04560852,0.073394775,0.3225708,2.66192,0.645565,0.3057379,0.7330337,0
107.56399,130.63185,135.19965,39.50957,36.400826,36.749035,0.8234132,0.7955937,0.9662144,-23.067863,-27.635658,27.635658,5066.832,4851.554,5920.294,-0.06965009,-0.08504098,95.56663,60.154903,135.278,35.588997,36.766277,124.249535,37.12221,255.0,196.0,251.0,0.036230993,0.22168216,0.07084938,0.017563634,0.05376319,0.03771798,0.011889108,0.020005636,0.052503053,0.04720422,0.020600483,0.010370684,0.037303153,0.055688612,0.020170001,0.07445759,0.24823111,3.0526507,0.6478405,0.2897476,0.69155693,6.490638,90.5513,101.59298,29217.709,0.1448765,0.040974155,208.22232,210.74896,215.91426,36.886738,36.302265,35.206173,111.11351,10.7,216.14671,19.382969,6.354554,35.139553,0.3592881,0.04115684,0.08008899,0.06377456,0.04152762,0.046718575,0.07081943,0.29662588,7.6719575,0.4029981,0.20598236,0.21246842,6.5729117,175.20319,94.78214,80076.1,0.30181682,1.6949219,0.1778741,0.082273625,0.49999997,0.003326101,293.57355,48.762047,0.0040274984,0.20067823,245.03235,44.627953,0.14774325,0.10712981,0.108198345,0.11195845,0.108544335,0.10301019,0.092198856,0.08834426,0.13287246,1.096323,0.14774325,3.1524148,69.0,0.040974155,0.011239065,1.3529412,0.06237082,201.47835,0.29924706,0.068822205,0.051000282,0.07226605,0.06750728,0.048221722,0.07618734,0.31674805,7.2519107,0.44970757,0.14357455,0.5045675,162.45601,127.92411,70109.13,0.3244576,124.26191,33.57746,254.0,188.0,228.0,0.016621094,0.28849664,0.07733937,0.047762886,0.07642691,0.06793153,0.045969415,0.07919577,0.31687748,2.206026,0.67822707,0.31830195,0.723431,137.63542,42.656303,255.0,238.0,253.0,0.07011989,0.28197756,0.0784712,0.046501454,0.07095534,0.07173662,0.052486014,0.07631488,0.32155693,4.750182,0.5792299,0.24637987,0.63655543,0
93.63515,94.16057,86.94578,70.57856,73.642296,80.33496,0.99441993,1.0769372,1.0829803,-0.52542114,6.689369,7.2147903,20006.04,530287.75,508762.78,0.0018897685,0.05616341,65.74776,85.47334,100.10956,76.55678,75.43742,93.1781,73.113525,251.0,227.0,235.0,0.074592955,0.1765138,0.0936573,0.0101146,0.07291481,0.03397468,0.011157398,0.014431675,0.09145824,0.05116734,0.018105783,0.0057651056,0.027182987,0.07390898,0.019045921,0.056597453,0.2440039,1.9872192,0.7472107,0.21728896,0.9520151,7.651283,69.26843,86.271736,17936.797,0.13588251,0.101382054,217.96913,227.36575,233.4404,9.018852,7.631287,6.7105656,101.58595,17.008715,233.4404,2.8191786,4.58871,6.7105656,0.1849989,0.03383993,0.024327574,0.1722611,0.033949267,0.0021867482,0.14208397,0.4063525,0.033248723,0.9843956,0.70767325,0.93020636,4.7185636,6.3997154,6.3154826,51.13225,0.0007653619,2.41752,0.19899437,-2.9327195,0.99999994,0.27437663,3475.6846,185.5112,0.0035013533,0.20364672,3646.3525,189.34546,0.17078575,0.121092044,0.102662206,0.09748548,0.08637802,0.079586424,0.08340532,0.10141079,0.15719396,1.2764949,0.17078575,3.1179793,2.0,0.101382054,0.101161174,1.5211267,0.2582018,48.668793,0.27068982,0.07772357,0.048898038,0.10020586,0.07095889,0.03420161,0.09718012,0.3001421,5.1416554,0.6241179,0.14407387,0.86602527,122.41339,131.5884,47473.78,0.20035228,93.27189,72.03237,237.0,227.0,235.0,0.07488644,0.27016628,0.10511901,0.041669384,0.11177046,0.07683948,0.03282252,0.097141616,0.26447126,1.600748,0.72860795,0.19485083,0.96014434,86.87076,62.646576,251.0,211.0,231.0,0.030204056,0.28259507,0.09843886,0.04698705,0.10236847,0.08019755,0.03854681,0.08501399,0.2658522,2.466874,0.6726149,0.1776281,0.9196802,1
100.21003,71.93707,62.227806,51.699677,25.102493,16.821892,1.3930235,1.6103737,1.1560278,28.272957,37.982224,37.982224,33968.688,50713.164,15396.645,0.10701383,0.13447359,39.475986,82.59194,100.379524,57.71335,51.504986,79.28324,30.667229,215.0,137.0,169.0,0.0,0.23057993,0.064053774,0.017029356,0.045953438,0.04799666,0.016064715,0.020857545,0.05122479,0.04148722,0.020994265,0.010360411,0.03984657,0.048505563,0.022961529,0.056496147,0.2655881,0.64338946,0.78512853,0.30974314,0.9059872,6.6143837,38.75385,45.361824,4772.9497,0.040454216,0.08202581,224.31824,119.112755,61.95921,23.893589,22.912859,17.051167,10.182659,183.33469,224.31824,3.0600703,22.485432,23.893589,0.27973083,0.07437058,0.055922963,0.0913099,0.07993967,0.041072052,0.09687899,0.28077504,1.0599434,0.69148564,0.27355972,0.6677197,6.265174,67.924515,49.035656,7851.775,0.1351665,1.8167771,2.2197647,-0.34921005,0.93749994,0.39054716,743.524,82.652084,0.03305741,0.61288905,1474.7096,121.0757,0.17686261,0.10609073,0.08049215,0.074171364,0.14128119,0.07691889,0.083400026,0.10316409,0.15761888,1.2064657,0.17686261,3.096979,19.0,0.08202581,0.066416584,1.1223022,0.06454078,194.70435,0.30184954,0.06325624,0.061683945,0.06893016,0.06422088,0.05337435,0.07025939,0.3164255,2.246669,0.5818599,0.19394808,0.79595214,82.91855,76.22907,20612.936,0.12601876,79.25544,30.091976,207.0,136.0,165.0,0.0,0.25903118,0.0730421,0.06301253,0.09425967,0.07029845,0.04216078,0.08733957,0.31085572,0.55505264,0.83534247,0.36261818,0.91471094,87.88193,29.875462,215.0,155.0,177.0,0.0,0.28234863,0.07128906,0.06365967,0.0793457,0.06892395,0.050430298,0.07640076,0.30760193,0.7484594,0.7625869,0.31380618,0.89523464,1
