feature,importance,group
pixel_RB_normalized_diff_mean,0.06375634664005156,color_relationships
highlight_Laplacian_variance,0.05607250584402315,highlight_core
highlight_Sobel_mean,0.05224695599424144,highlight_core
pixel_RG_normalized_diff_mean,0.05208792574389641,color_relationships
highlight_Canny_edge_ratio,0.05090485429884461,highlight_core
highlight_GLCM_homogeneity,0.049180045744316225,highlight_core
R_minus_B,0.04087832043052025,color_relationships
R_over_G,0.03905927401415049,color_relationships
R_minus_G,0.038953642618930126,color_relationships
R_over_B,0.035543789829016736,color_relationships
highlight_LBP_hist_00,0.03473417145754296,highlight_core
highlight_GLCM_contrast,0.032835496751671404,highlight_core
Sobel_std,0.03267881535721987,base_edges
B_mean,0.030260583586198785,color_relationships
ms256_GLCM_correlation,0.027376580397328626,multiscale_256
highlight_Sobel_std,0.024802160969776343,highlight_core
highlight_LBP_hist_02,0.023959012588465424,highlight_core
highlight_component_count,0.02166682290013714,highlight_core
highlight_saturation_over_global_saturation,0.018473620747745313,highlight_core
highlight_LBP_hist_06,0.017319194875274092,highlight_core
clahe_GLCM_correlation,0.01614386515884193,clahe_texture
ms256_GLCM_contrast,0.013249260795554859,multiscale_256
G_mean,0.01241365405080986,color_relationships
pixel_R_over_B_mean,0.012112895927523933,color_relationships
highlight_total_area_ratio,0.011395241962801625,highlight_core
highlight_H_mean,0.011390712770410956,highlight_core
center_GLCM_correlation,0.010418727762878756,multiscale_center
GLCM_correlation,0.010301691851887434,base_texture
center_gray_mean,0.008916508911210973,multiscale_center
highlight_GLCM_correlation,0.008916209525151632,highlight_core
highlight_LBP_hist_03,0.008663617235931745,highlight_core
GLCM_contrast,0.008484749061725853,base_texture
highlight_LBP_hist_07,0.007660587811367174,highlight_core
highlight_S_mean,0.007457701103671876,highlight_core
clahe_Canny_edge_ratio,0.007446051764759137,clahe_texture
clahe_GLCM_homogeneity,0.00688272969921736,clahe_texture
Sobel_mean,0.006259873183326503,base_edges
G_over_B,0.006101791577360801,color_relationships
center_GLCM_contrast,0.005931892487172135,multiscale_center
highlight_pixel_ratio,0.004280284499136783,highlight_core
V_std,0.004198488869652075,hsv_features
HOG_hist_04,0.003978257609302441,directional_texture
ms256_LBP_hist_03,0.0038149359778738923,multiscale_256
clahe_GLCM_contrast,0.0036284458911442392,clahe_texture
GLCM_homogeneity,0.002918126555676026,base_texture
Laplacian_variance,0.002850413330074927,base_edges
clahe_Laplacian_variance,0.0023755751515195525,clahe_texture
ms256_LBP_hist_05,0.002042531030398591,multiscale_256
highlight_entropy_minus_global_entropy,0.002001338518246938,highlight_core
clahe_Sobel_mean,0.0019743463285599033,clahe_texture
LBP_hist_00,0.0016722223684581168,base_texture
ms256_gray_mean,0.0014638242758931788,multiscale_256
highlight_GLCM_energy,0.0014583397245134654,highlight_core
ms256_LBP_hist_04,0.0013748016661348065,multiscale_256
LBP_hist_14,0.0013670323783679674,base_texture
highlight_circularity,0.001347177981458334,highlight_core
ms256_gray_p99,0.0013365549990864505,multiscale_256
entropy,0.001280669952468983,base_texture
ms256_GLCM_homogeneity,0.0012520829903565284,multiscale_256
R_std,0.0012278865277923223,color_relationships
center_GLCM_homogeneity,0.0012221029369959995,multiscale_center
block_rg_ratio_range,0.001172897003315975,spatial_blocks
gray_mean,0.001072174143909302,brightness_features
clahe_LBP_hist_03,0.0009778305684802506,clahe_texture
ms256_bright_pixel_ratio,0.0009086382638090318,multiscale_256
ms256_LBP_hist_06,0.0008970121753078356,multiscale_256
highlight_entropy,0.0008488778899765977,highlight_core
LBP_hist_04,0.0008309687720074457,base_texture
clahe_GLCM_energy,0.0007256194674796694,clahe_texture
highlight_V_std,0.0007216710162104973,highlight_core
LBP_hist_10,0.000719160103553542,base_texture
center_gray_p95,0.0007106591607533719,multiscale_center
center_GLCM_energy,0.0006343076563156051,multiscale_center
highlight_LBP_hist_04,0.0006109462551315665,highlight_core
clahe_LBP_hist_06,0.0006053542151103168,clahe_texture
B_std,0.0005992250179297081,color_relationships
clahe_LBP_hist_00,0.0005826541123558333,clahe_texture
block_gray_var,0.0005683962454500767,spatial_blocks
highlight_R_std,0.0005590917374277186,highlight_core
highlight_B_std,0.0005583319753774795,highlight_core
clahe_LBP_hist_07,0.000555296741618348,clahe_texture
center_LBP_hist_06,0.0005426649497557669,multiscale_center
highlight_S_std,0.00047266764917392373,highlight_core
highlight_G_std,0.00047073935727984516,highlight_core
block_rg_ratio_var,0.00046043893945991933,spatial_blocks
V_mean,0.0004567638048402399,hsv_features
GLCM_energy,0.00044667563908639573,base_texture
LBP_hist_01,0.00042735042735043044,base_texture
center_LBP_hist_07,0.00039928100391502984,multiscale_center
center_gray_p99,0.00036711711711711476,multiscale_center
H_mean,0.0003553062178588105,hsv_features
Canny_edge_ratio,0.00035320088300221206,base_edges
center_LBP_hist_01,0.0003532008830022073,multiscale_center
ms256_gray_max,0.0003520283289069382,multiscale_256
gray_p99,0.0003517285289005922,brightness_features
gray_p95,0.00035064152243176376,brightness_features
gray_max,0.0003506415224317547,brightness_features
S_std,0.00029451500736951377,hsv_features
ms256_gray_p95,0.000288859009210626,multiscale_256
ms256_LBP_hist_02,0.0002883223867304874,multiscale_256
clahe_LBP_hist_04,0.00027747844827586077,clahe_texture
LBP_hist_05,0.00027501337613698,base_texture
R_mean,0.00027342483518858873,color_relationships
clahe_LBP_hist_01,0.00027307569466623546,clahe_texture
highlight_H_std,0.00027084666240136243,highlight_core
highlight_LBP_hist_01,0.0002707141343504976,highlight_core
ms256_LBP_hist_07,0.0002703133297928843,multiscale_256
LBP_hist_08,0.00027027027027027374,base_texture
highlight_B_mean,0.0002702702702702671,highlight_core
HOG_hist_08,0.0002687140115163165,directional_texture
ms256_GLCM_energy,0.00019427225151111353,multiscale_256
LBP_hist_09,0.00019153225806451868,base_texture
Sobel_x_over_y,0.0001904761904761859,directional_texture
ms256_LBP_hist_01,0.000188076122509664,multiscale_256
HOG_hist_00,0.00018637281349145952,directional_texture
clahe_Sobel_std,0.00018591714243889056,clahe_texture
clahe_LBP_hist_05,0.00018583042973287046,clahe_texture
center_LBP_hist_03,0.0001850041634987879,multiscale_center
block_coverage_std,0.00010547485089719022,spatial_blocks
highlight_V_mean,0.00010241971681560821,highlight_core
G_std,9.79722032353659e-05,color_relationships
LBP_hist_13,9.780640815123952e-05,base_texture
center_LBP_hist_04,9.712464969864483e-05,multiscale_center
dominant_direction_ratio,9.630878770845752e-05,directional_texture
LBP_hist_12,9.579844610394939e-05,base_texture
gradient_direction_entropy,9.57984461039493e-05,directional_texture
S_mean,9.57661290322652e-05,hsv_features
LBP_hist_03,9.57661290322576e-05,base_texture
RGB_max_minus_min,9.542557180353664e-05,color_relationships
LBP_hist_11,9.542557180352504e-05,base_texture
gray_std,9.540846750149688e-05,brightness_features
HOG_hist_06,9.523809523810311e-05,directional_texture
block_gray_range,9.52327705095313e-05,spatial_blocks
pixel_G_over_B_mean,7.085265836124155e-05,color_relationships
center_LBP_hist_02,9.650008091198488e-18,multiscale_center
highlight_boundary_complexity,9.583469544746331e-18,highlight_core
block_value_range,8.05934914273758e-18,spatial_blocks
clahe_LBP_hist_02,7.655139356512837e-18,clahe_texture
ms256_gray_std,6.582946056047999e-18,multiscale_256
highlight_largest_area_ratio,6.309267422824749e-18,highlight_core
highlight_bbox_aspect_ratio,6.099530052115197e-18,highlight_core
highlight_R_mean,5.222160152866459e-18,highlight_core
center_LBP_hist_05,5.222160152866457e-18,multiscale_center
HOG_hist_03,5.181040781584047e-18,directional_texture
center_bright_pixel_ratio,4.4989429756052005e-18,multiscale_center
block_value_var,4.453989660450114e-18,spatial_blocks
HOG_hist_07,4.009138700035295e-18,directional_texture
HOG_hist_02,3.672547275109241e-18,directional_texture
highlight_G_mean,3.062066729208083e-18,highlight_core
LBP_hist_06,2.6754385246468694e-18,base_texture
bright_pixel_ratio,1.5789838572446681e-18,brightness_features
block_nonempty_ratio,1.111741278334047e-18,spatial_blocks
HOG_hist_05,1.0567678419580182e-18,directional_texture
center_LBP_hist_00,7.086238317669198e-19,multiscale_center
LBP_hist_07,6.3406070517481135e-19,base_texture
highlight_gray_over_global_gray,6.124133458416177e-19,highlight_core
pixel_R_over_G_mean,3.232765808917347e-19,color_relationships
LBP_hist_02,0.0,base_texture
LBP_hist_15,0.0,base_texture
highlight_LBP_hist_05,0.0,highlight_core
HOG_hist_01,0.0,directional_texture
ms256_LBP_hist_00,0.0,multiscale_256
center_gray_std,0.0,multiscale_center
center_gray_max,0.0,multiscale_center
